Host server running on http://0.0.0.0:8000/
Logs file: /home/jurre/Documents/coruna-duy-compile/coruna_logs_host.txt
[HTTP] 200 GET /group.html -> /home/jurre/Documents/coruna-duy-compile/group.html
[HTTP] 404 GET /667fa543143862135ab6b41740421a4752799863.min.js -> /home/jurre/Documents/coruna-duy-compile/667fa543143862135ab6b41740421a4752799863.min.js
[HTTP] 200 GET / -> /home/jurre/Documents/coruna-duy-compile/group.html
[HTTP] 200 GET /platform_module.js -> /home/jurre/Documents/coruna-duy-compile/platform_module.js
[HTTP] 200 GET /utility_module.js -> /home/jurre/Documents/coruna-duy-compile/utility_module.js
[HTTP] 200 GET / -> /home/jurre/Documents/coruna-duy-compile/group.html
[HTTP] 200 GET /platform_module.js -> /home/jurre/Documents/coruna-duy-compile/platform_module.js
[HTTP] 200 GET /utility_module.js -> /home/jurre/Documents/coruna-duy-compile/utility_module.js
[HTTP] 200 GET / -> /home/jurre/Documents/coruna-duy-compile/group.html
[HTTP] 200 GET /platform_module.js -> /home/jurre/Documents/coruna-duy-compile/platform_module.js
[HTTP] 200 GET /utility_module.js -> /home/jurre/Documents/coruna-duy-compile/utility_module.js
[HTTP] 200 GET /Stage1_15.6_16.1.2_bluebird.js -> /home/jurre/Documents/coruna-duy-compile/Stage1_15.6_16.1.2_bluebird.js
[HTTP] 200 GET /Stage3_VariantB.js -> /home/jurre/Documents/coruna-duy-compile/Stage3_VariantB.js
[HTTP] 200 GET /payloads/bootstrap.dylib -> /home/jurre/Documents/coruna-duy-compile/payloads/bootstrap.dylib
[HTTP] 200 GET /payloads/manifest.json -> /home/jurre/Documents/coruna-duy-compile/payloads/manifest.json
[HTTP] 200 GET /payloads/7a7d99099b035b2c6512b6ebeeea6df1ede70fbb/raw.bin -> /home/jurre/Documents/coruna-duy-compile/payloads/7a7d99099b035b2c6512b6ebeeea6df1ede70fbb/raw.bin
[HTTP] 200 GET /payloads/b442ab113b829ff8c7bf34afa4d2d997889f308f/entry0_type0x08.dylib -> /home/jurre/Documents/coruna-duy-compile/payloads/b442ab113b829ff8c7bf34afa4d2d997889f308f/entry0_type0x08.dylib
[HTTP] 200 GET /payloads/b442ab113b829ff8c7bf34afa4d2d997889f308f/entry1_type0x09.dylib -> /home/jurre/Documents/coruna-duy-compile/payloads/b442ab113b829ff8c7bf34afa4d2d997889f308f/entry1_type0x09.dylib
[HTTP] 200 GET /payloads/b442ab113b829ff8c7bf34afa4d2d997889f308f/entry2_type0x0f.dylib -> /home/jurre/Documents/coruna-duy-compile/payloads/b442ab113b829ff8c7bf34afa4d2d997889f308f/entry2_type0x0f.dylib
[HTTP] 200 GET /payloads/b442ab113b829ff8c7bf34afa4d2d997889f308f/entry4_type0x07.bin -> /home/jurre/Documents/coruna-duy-compile/payloads/b442ab113b829ff8c7bf34afa4d2d997889f308f/entry4_type0x07.bin
[HTTP] 200 GET /payloads/b442ab113b829ff8c7bf34afa4d2d997889f308f/entry3_type0x07.bin -> /home/jurre/Documents/coruna-duy-compile/payloads/b442ab113b829ff8c7bf34afa4d2d997889f308f/entry3_type0x07.bin
[HTTP] 200 GET / -> /home/jurre/Documents/coruna-duy-compile/group.html
[HTTP] 200 GET /platform_module.js -> /home/jurre/Documents/coruna-duy-compile/platform_module.js
[HTTP] 200 GET /utility_module.js -> /home/jurre/Documents/coruna-duy-compile/utility_module.js
[HTTP] 200 GET / -> /home/jurre/Documents/coruna-duy-compile/group.html
[HTTP] 200 GET /platform_module.js -> /home/jurre/Documents/coruna-duy-compile/platform_module.js
[HTTP] 200 GET /utility_module.js -> /home/jurre/Documents/coruna-duy-compile/utility_module.js
[HTTP] 200 GET /Stage1_15.6_16.1.2_bluebird.js -> /home/jurre/Documents/coruna-duy-compile/Stage1_15.6_16.1.2_bluebird.js
[HTTP] 200 GET /Stage3_VariantB.js -> /home/jurre/Documents/coruna-duy-compile/Stage3_VariantB.js
[HTTP] 200 GET /payloads/bootstrap.dylib -> /home/jurre/Documents/coruna-duy-compile/payloads/bootstrap.dylib
[HTTP] 200 GET /payloads/manifest.json -> /home/jurre/Documents/coruna-duy-compile/payloads/manifest.json
[HTTP] 200 GET /payloads/7a7d99099b035b2c6512b6ebeeea6df1ede70fbb/raw.bin -> /home/jurre/Documents/coruna-duy-compile/payloads/7a7d99099b035b2c6512b6ebeeea6df1ede70fbb/raw.bin
[HTTP] 200 GET /payloads/b442ab113b829ff8c7bf34afa4d2d997889f308f/entry0_type0x08.dylib -> /home/jurre/Documents/coruna-duy-compile/payloads/b442ab113b829ff8c7bf34afa4d2d997889f308f/entry0_type0x08.dylib
[HTTP] 200 GET /payloads/b442ab113b829ff8c7bf34afa4d2d997889f308f/entry1_type0x09.dylib -> /home/jurre/Documents/coruna-duy-compile/payloads/b442ab113b829ff8c7bf34afa4d2d997889f308f/entry1_type0x09.dylib
[HTTP] 200 GET /payloads/b442ab113b829ff8c7bf34afa4d2d997889f308f/entry2_type0x0f.dylib -> /home/jurre/Documents/coruna-duy-compile/payloads/b442ab113b829ff8c7bf34afa4d2d997889f308f/entry2_type0x0f.dylib
[HTTP] 200 GET /payloads/b442ab113b829ff8c7bf34afa4d2d997889f308f/entry3_type0x07.bin -> /home/jurre/Documents/coruna-duy-compile/payloads/b442ab113b829ff8c7bf34afa4d2d997889f308f/entry3_type0x07.bin
[HTTP] 200 GET /payloads/b442ab113b829ff8c7bf34afa4d2d997889f308f/entry4_type0x07.bin -> /home/jurre/Documents/coruna-duy-compile/payloads/b442ab113b829ff8c7bf34afa4d2d997889f308f/entry4_type0x07.bin
[HTTP] 200 GET / -> /home/jurre/Documents/coruna-duy-compile/group.html
[HTTP] 200 GET /platform_module.js -> /home/jurre/Documents/coruna-duy-compile/platform_module.js
[HTTP] 200 GET /utility_module.js -> /home/jurre/Documents/coruna-duy-compile/utility_module.js
[HTTP] 200 GET / -> /home/jurre/Documents/coruna-duy-compile/group.html
[HTTP] 200 GET /platform_module.js -> /home/jurre/Documents/coruna-duy-compile/platform_module.js
[HTTP] 200 GET /utility_module.js -> /home/jurre/Documents/coruna-duy-compile/utility_module.js
[HTTP] 200 GET / -> /home/jurre/Documents/coruna-duy-compile/group.html
[HTTP] 200 GET /platform_module.js -> /home/jurre/Documents/coruna-duy-compile/platform_module.js
[HTTP] 200 GET /utility_module.js -> /home/jurre/Documents/coruna-duy-compile/utility_module.js
[HTTP] 200 GET /Stage1_15.6_16.1.2_bluebird.js -> /home/jurre/Documents/coruna-duy-compile/Stage1_15.6_16.1.2_bluebird.js
[HTTP] 200 GET /Stage3_VariantB.js -> /home/jurre/Documents/coruna-duy-compile/Stage3_VariantB.js
[HTTP] 200 GET /payloads/bootstrap.dylib -> /home/jurre/Documents/coruna-duy-compile/payloads/bootstrap.dylib
[HTTP] 200 GET /payloads/manifest.json -> /home/jurre/Documents/coruna-duy-compile/payloads/manifest.json
[HTTP] 200 GET /payloads/7a7d99099b035b2c6512b6ebeeea6df1ede70fbb/raw.bin -> /home/jurre/Documents/coruna-duy-compile/payloads/7a7d99099b035b2c6512b6ebeeea6df1ede70fbb/raw.bin
[HTTP] 200 GET /payloads/7a1cef00016b950be42f5288ead21fa6fccc3107/entry0_type0x08.dylib -> /home/jurre/Documents/coruna-duy-compile/payloads/7a1cef00016b950be42f5288ead21fa6fccc3107/entry0_type0x08.dylib
[HTTP] 200 GET /payloads/7a1cef00016b950be42f5288ead21fa6fccc3107/entry1_type0x09.dylib -> /home/jurre/Documents/coruna-duy-compile/payloads/7a1cef00016b950be42f5288ead21fa6fccc3107/entry1_type0x09.dylib
[HTTP] 200 GET /payloads/7a1cef00016b950be42f5288ead21fa6fccc3107/entry2_type0x0f.dylib -> /home/jurre/Documents/coruna-duy-compile/payloads/7a1cef00016b950be42f5288ead21fa6fccc3107/entry2_type0x0f.dylib
[HTTP] 200 GET /payloads/7a1cef00016b950be42f5288ead21fa6fccc3107/entry3_type0x07.bin -> /home/jurre/Documents/coruna-duy-compile/payloads/7a1cef00016b950be42f5288ead21fa6fccc3107/entry3_type0x07.bin
[HTTP] 200 GET /payloads/7a1cef00016b950be42f5288ead21fa6fccc3107/entry4_type0x07.bin -> /home/jurre/Documents/coruna-duy-compile/payloads/7a1cef00016b950be42f5288ead21fa6fccc3107/entry4_type0x07.bin
[HTTP] 200 GET / -> /home/jurre/Documents/coruna-duy-compile/group.html
[HTTP] 200 GET /platform_module.js -> /home/jurre/Documents/coruna-duy-compile/platform_module.js
[HTTP] 200 GET /utility_module.js -> /home/jurre/Documents/coruna-duy-compile/utility_module.js
[HTTP] 200 GET /Stage1_15.6_16.1.2_bluebird.js -> /home/jurre/Documents/coruna-duy-compile/Stage1_15.6_16.1.2_bluebird.js
[HTTP] 200 GET /Stage3_VariantB.js -> /home/jurre/Documents/coruna-duy-compile/Stage3_VariantB.js
[HTTP] 200 GET /payloads/bootstrap.dylib -> /home/jurre/Documents/coruna-duy-compile/payloads/bootstrap.dylib
[HTTP] 200 GET /payloads/manifest.json -> /home/jurre/Documents/coruna-duy-compile/payloads/manifest.json
[HTTP] 200 GET /payloads/7a7d99099b035b2c6512b6ebeeea6df1ede70fbb/raw.bin -> /home/jurre/Documents/coruna-duy-compile/payloads/7a7d99099b035b2c6512b6ebeeea6df1ede70fbb/raw.bin
[HTTP] 200 GET /payloads/7a1cef00016b950be42f5288ead21fa6fccc3107/entry0_type0x08.dylib -> /home/jurre/Documents/coruna-duy-compile/payloads/7a1cef00016b950be42f5288ead21fa6fccc3107/entry0_type0x08.dylib
[HTTP] 200 GET /payloads/7a1cef00016b950be42f5288ead21fa6fccc3107/entry1_type0x09.dylib -> /home/jurre/Documents/coruna-duy-compile/payloads/7a1cef00016b950be42f5288ead21fa6fccc3107/entry1_type0x09.dylib
[HTTP] 200 GET /payloads/7a1cef00016b950be42f5288ead21fa6fccc3107/entry2_type0x0f.dylib -> /home/jurre/Documents/coruna-duy-compile/payloads/7a1cef00016b950be42f5288ead21fa6fccc3107/entry2_type0x0f.dylib
[HTTP] 200 GET /payloads/7a1cef00016b950be42f5288ead21fa6fccc3107/entry3_type0x07.bin -> /home/jurre/Documents/coruna-duy-compile/payloads/7a1cef00016b950be42f5288ead21fa6fccc3107/entry3_type0x07.bin
[HTTP] 200 GET /payloads/7a1cef00016b950be42f5288ead21fa6fccc3107/entry4_type0x07.bin -> /home/jurre/Documents/coruna-duy-compile/payloads/7a1cef00016b950be42f5288ead21fa6fccc3107/entry4_type0x07.bin
[HTTP] 404 GET /4612aa650e60e2974a9ec37bbf922c79635b493a.min.js -> /home/jurre/Documents/coruna-duy-compile/4612aa650e60e2974a9ec37bbf922c79635b493a.min.js
[HTTP] 404 GET /4612aa650e60e2974a9ec37bbf922c79635b493a.min.js -> /home/jurre/Documents/coruna-duy-compile/4612aa650e60e2974a9ec37bbf922c79635b493a.min.js
[HTTP] 404 GET /4612aa650e60e2974a9ec37bbf922c79635b493a.min.js -> /home/jurre/Documents/coruna-duy-compile/4612aa650e60e2974a9ec37bbf922c79635b493a.min.js
[HTTP] 404 GET /4612aa650e60e2974a9ec37bbf922c79635b493a.min.js -> /home/jurre/Documents/coruna-duy-compile/4612aa650e60e2974a9ec37bbf922c79635b493a.min.js
[HTTP] 404 GET /4612aa650e60e2974a9ec37bbf922c79635b493a.min.js -> /home/jurre/Documents/coruna-duy-compile/4612aa650e60e2974a9ec37bbf922c79635b493a.min.js
[HTTP] 404 GET /4612aa650e60e2974a9ec37bbf922c79635b493a.min.js -> /home/jurre/Documents/coruna-duy-compile/4612aa650e60e2974a9ec37bbf922c79635b493a.min.js
[HTTP] 404 GET /4612aa650e60e2974a9ec37bbf922c79635b493a.min.js -> /home/jurre/Documents/coruna-duy-compile/4612aa650e60e2974a9ec37bbf922c79635b493a.min.js
[HTTP] 404 GET /4612aa650e60e2974a9ec37bbf922c79635b493a.min.js -> /home/jurre/Documents/coruna-duy-compile/4612aa650e60e2974a9ec37bbf922c79635b493a.min.js
[HTTP] 200 GET / -> /home/jurre/Documents/coruna-duy-compile/group.html
[HTTP] 200 GET /platform_module.js -> /home/jurre/Documents/coruna-duy-compile/platform_module.js
[HTTP] 200 GET /utility_module.js -> /home/jurre/Documents/coruna-duy-compile/utility_module.js
[HTTP] 200 GET /Stage1_15.6_16.1.2_bluebird.js -> /home/jurre/Documents/coruna-duy-compile/Stage1_15.6_16.1.2_bluebird.js
[HTTP] 200 GET /Stage3_VariantB.js -> /home/jurre/Documents/coruna-duy-compile/Stage3_VariantB.js
[HTTP] 200 GET /payloads/bootstrap.dylib -> /home/jurre/Documents/coruna-duy-compile/payloads/bootstrap.dylib
[HTTP] 200 GET /payloads/manifest.json -> /home/jurre/Documents/coruna-duy-compile/payloads/manifest.json
[HTTP] 200 GET /payloads/7a7d99099b035b2c6512b6ebeeea6df1ede70fbb/raw.bin -> /home/jurre/Documents/coruna-duy-compile/payloads/7a7d99099b035b2c6512b6ebeeea6df1ede70fbb/raw.bin
[HTTP] 200 GET /payloads/7a1cef00016b950be42f5288ead21fa6fccc3107/entry0_type0x08.dylib -> /home/jurre/Documents/coruna-duy-compile/payloads/7a1cef00016b950be42f5288ead21fa6fccc3107/entry0_type0x08.dylib
[HTTP] 200 GET /payloads/7a1cef00016b950be42f5288ead21fa6fccc3107/entry1_type0x09.dylib -> /home/jurre/Documents/coruna-duy-compile/payloads/7a1cef00016b950be42f5288ead21fa6fccc3107/entry1_type0x09.dylib
[HTTP] 200 GET /payloads/7a1cef00016b950be42f5288ead21fa6fccc3107/entry3_type0x07.bin -> /home/jurre/Documents/coruna-duy-compile/payloads/7a1cef00016b950be42f5288ead21fa6fccc3107/entry3_type0x07.bin
[HTTP] 200 GET /payloads/7a1cef00016b950be42f5288ead21fa6fccc3107/entry2_type0x0f.dylib -> /home/jurre/Documents/coruna-duy-compile/payloads/7a1cef00016b950be42f5288ead21fa6fccc3107/entry2_type0x0f.dylib
[HTTP] 200 GET /payloads/7a1cef00016b950be42f5288ead21fa6fccc3107/entry4_type0x07.bin -> /home/jurre/Documents/coruna-duy-compile/payloads/7a1cef00016b950be42f5288ead21fa6fccc3107/entry4_type0x07.bin
[HTTP] 404 GET /4612aa650e60e2974a9ec37bbf922c79635b493a.min.js -> /home/jurre/Documents/coruna-duy-compile/4612aa650e60e2974a9ec37bbf922c79635b493a.min.js
[HTTP] 404 GET /4612aa650e60e2974a9ec37bbf922c79635b493a.min.js -> /home/jurre/Documents/coruna-duy-compile/4612aa650e60e2974a9ec37bbf922c79635b493a.min.js
[HTTP] 404 GET /4612aa650e60e2974a9ec37bbf922c79635b493a.min.js -> /home/jurre/Documents/coruna-duy-compile/4612aa650e60e2974a9ec37bbf922c79635b493a.min.js
[HTTP] 404 GET /4612aa650e60e2974a9ec37bbf922c79635b493a.min.js -> /home/jurre/Documents/coruna-duy-compile/4612aa650e60e2974a9ec37bbf922c79635b493a.min.js
[HTTP] 404 GET /4612aa650e60e2974a9ec37bbf922c79635b493a.min.js -> /home/jurre/Documents/coruna-duy-compile/4612aa650e60e2974a9ec37bbf922c79635b493a.min.js
[HTTP] 404 GET /4612aa650e60e2974a9ec37bbf922c79635b493a.min.js -> /home/jurre/Documents/coruna-duy-compile/4612aa650e60e2974a9ec37bbf922c79635b493a.min.js
[HTTP] 404 GET /4612aa650e60e2974a9ec37bbf922c79635b493a.min.js -> /home/jurre/Documents/coruna-duy-compile/4612aa650e60e2974a9ec37bbf922c79635b493a.min.js
[HTTP] 404 GET /4612aa650e60e2974a9ec37bbf922c79635b493a.min.js -> /home/jurre/Documents/coruna-duy-compile/4612aa650e60e2974a9ec37bbf922c79635b493a.min.js
[HTTP] 200 GET /4612aa650e60e2974a9ec37bbf922c79635b493a.min.js -> /home/jurre/Documents/coruna-duy-compile/4612aa650e60e2974a9ec37bbf922c79635b493a.min.js
[HTTP] 200 GET /4817ea8063eb4480e915f1a4479c62ec774f52ce.min.js -> /home/jurre/Documents/coruna-duy-compile/4817ea8063eb4480e915f1a4479c62ec774f52ce.min.js
[HTTP] 200 GET / -> /home/jurre/Documents/coruna-duy-compile/group.html
[HTTP] 200 GET /platform_module.js -> /home/jurre/Documents/coruna-duy-compile/platform_module.js
[HTTP] 200 GET /utility_module.js -> /home/jurre/Documents/coruna-duy-compile/utility_module.js
[HTTP] 200 GET / -> /home/jurre/Documents/coruna-duy-compile/group.html
[HTTP] 200 GET /utility_module.js -> /home/jurre/Documents/coruna-duy-compile/utility_module.js
[HTTP] 200 GET /platform_module.js -> /home/jurre/Documents/coruna-duy-compile/platform_module.js
[HTTP] 200 GET /Stage1_15.6_16.1.2_bluebird.js -> /home/jurre/Documents/coruna-duy-compile/Stage1_15.6_16.1.2_bluebird.js
[HTTP] 200 GET /Stage3_VariantB.js -> /home/jurre/Documents/coruna-duy-compile/Stage3_VariantB.js
[HTTP] 200 GET /payloads/bootstrap.dylib -> /home/jurre/Documents/coruna-duy-compile/payloads/bootstrap.dylib
[HTTP] 200 GET /payloads/manifest.json -> /home/jurre/Documents/coruna-duy-compile/payloads/manifest.json
[HTTP] 200 GET /payloads/7a7d99099b035b2c6512b6ebeeea6df1ede70fbb/raw.bin -> /home/jurre/Documents/coruna-duy-compile/payloads/7a7d99099b035b2c6512b6ebeeea6df1ede70fbb/raw.bin
[HTTP] 200 GET /payloads/7a1cef00016b950be42f5288ead21fa6fccc3107/entry0_type0x08.dylib -> /home/jurre/Documents/coruna-duy-compile/payloads/7a1cef00016b950be42f5288ead21fa6fccc3107/entry0_type0x08.dylib
[HTTP] 200 GET /payloads/7a1cef00016b950be42f5288ead21fa6fccc3107/entry1_type0x09.dylib -> /home/jurre/Documents/coruna-duy-compile/payloads/7a1cef00016b950be42f5288ead21fa6fccc3107/entry1_type0x09.dylib
[HTTP] 200 GET /payloads/7a1cef00016b950be42f5288ead21fa6fccc3107/entry3_type0x07.bin -> /home/jurre/Documents/coruna-duy-compile/payloads/7a1cef00016b950be42f5288ead21fa6fccc3107/entry3_type0x07.bin
[HTTP] 200 GET /payloads/7a1cef00016b950be42f5288ead21fa6fccc3107/entry2_type0x0f.dylib -> /home/jurre/Documents/coruna-duy-compile/payloads/7a1cef00016b950be42f5288ead21fa6fccc3107/entry2_type0x0f.dylib
[HTTP] 200 GET /payloads/7a1cef00016b950be42f5288ead21fa6fccc3107/entry4_type0x07.bin -> /home/jurre/Documents/coruna-duy-compile/payloads/7a1cef00016b950be42f5288ead21fa6fccc3107/entry4_type0x07.bin
[HTTP] 200 GET /4612aa650e60e2974a9ec37bbf922c79635b493a.min.js -> /home/jurre/Documents/coruna-duy-compile/4612aa650e60e2974a9ec37bbf922c79635b493a.min.js
[HTTP] 200 GET /4612aa650e60e2974a9ec37bbf922c79635b493a.min.js -> /home/jurre/Documents/coruna-duy-compile/4612aa650e60e2974a9ec37bbf922c79635b493a.min.js
[HTTP] 200 GET / -> /home/jurre/Documents/coruna-duy-compile/group.html
[HTTP] 200 GET /platform_module.js -> /home/jurre/Documents/coruna-duy-compile/platform_module.js
[HTTP] 200 GET /utility_module.js -> /home/jurre/Documents/coruna-duy-compile/utility_module.js
[HTTP] 200 GET / -> /home/jurre/Documents/coruna-duy-compile/group.html
[HTTP] 200 GET /platform_module.js -> /home/jurre/Documents/coruna-duy-compile/platform_module.js
[HTTP] 200 GET /utility_module.js -> /home/jurre/Documents/coruna-duy-compile/utility_module.js
[HTTP] 200 GET / -> /home/jurre/Documents/coruna-duy-compile/group.html
[HTTP] 200 GET /utility_module.js -> /home/jurre/Documents/coruna-duy-compile/utility_module.js
[HTTP] 200 GET /platform_module.js -> /home/jurre/Documents/coruna-duy-compile/platform_module.js
[HTTP] 200 GET /Stage1_15.6_16.1.2_bluebird.js -> /home/jurre/Documents/coruna-duy-compile/Stage1_15.6_16.1.2_bluebird.js
[HTTP] 200 GET /Stage3_VariantB.js -> /home/jurre/Documents/coruna-duy-compile/Stage3_VariantB.js
[HTTP] 200 GET /payloads/bootstrap.dylib -> /home/jurre/Documents/coruna-duy-compile/payloads/bootstrap.dylib
[HTTP] 200 GET /payloads/manifest.json -> /home/jurre/Documents/coruna-duy-compile/payloads/manifest.json
[HTTP] 200 GET /payloads/7a7d99099b035b2c6512b6ebeeea6df1ede70fbb/raw.bin -> /home/jurre/Documents/coruna-duy-compile/payloads/7a7d99099b035b2c6512b6ebeeea6df1ede70fbb/raw.bin
[HTTP] 200 GET /payloads/7a1cef00016b950be42f5288ead21fa6fccc3107/entry0_type0x08.dylib -> /home/jurre/Documents/coruna-duy-compile/payloads/7a1cef00016b950be42f5288ead21fa6fccc3107/entry0_type0x08.dylib
[HTTP] 200 GET /payloads/7a1cef00016b950be42f5288ead21fa6fccc3107/entry1_type0x09.dylib -> /home/jurre/Documents/coruna-duy-compile/payloads/7a1cef00016b950be42f5288ead21fa6fccc3107/entry1_type0x09.dylib
[HTTP] 200 GET /payloads/7a1cef00016b950be42f5288ead21fa6fccc3107/entry3_type0x07.bin -> /home/jurre/Documents/coruna-duy-compile/payloads/7a1cef00016b950be42f5288ead21fa6fccc3107/entry3_type0x07.bin
[HTTP] 200 GET /payloads/7a1cef00016b950be42f5288ead21fa6fccc3107/entry2_type0x0f.dylib -> /home/jurre/Documents/coruna-duy-compile/payloads/7a1cef00016b950be42f5288ead21fa6fccc3107/entry2_type0x0f.dylib
[HTTP] 200 GET /payloads/7a1cef00016b950be42f5288ead21fa6fccc3107/entry4_type0x07.bin -> /home/jurre/Documents/coruna-duy-compile/payloads/7a1cef00016b950be42f5288ead21fa6fccc3107/entry4_type0x07.bin
[HTTP] 200 GET /4612aa650e60e2974a9ec37bbf922c79635b493a.min.js -> /home/jurre/Documents/coruna-duy-compile/4612aa650e60e2974a9ec37bbf922c79635b493a.min.js
[HTTP] 200 GET / -> /home/jurre/Documents/coruna-duy-compile/group.html
[HTTP] 200 GET /platform_module.js -> /home/jurre/Documents/coruna-duy-compile/platform_module.js
[HTTP] 200 GET /utility_module.js -> /home/jurre/Documents/coruna-duy-compile/utility_module.js
[HTTP] 200 GET /Stage1_15.6_16.1.2_bluebird.js -> /home/jurre/Documents/coruna-duy-compile/Stage1_15.6_16.1.2_bluebird.js
[HTTP] 200 GET /Stage3_VariantB.js -> /home/jurre/Documents/coruna-duy-compile/Stage3_VariantB.js
[HTTP] 200 GET /payloads/bootstrap.dylib -> /home/jurre/Documents/coruna-duy-compile/payloads/bootstrap.dylib
[HTTP] 200 GET /payloads/manifest.json -> /home/jurre/Documents/coruna-duy-compile/payloads/manifest.json
[HTTP] 200 GET /payloads/7a7d99099b035b2c6512b6ebeeea6df1ede70fbb/raw.bin -> /home/jurre/Documents/coruna-duy-compile/payloads/7a7d99099b035b2c6512b6ebeeea6df1ede70fbb/raw.bin
[HTTP] 200 GET /payloads/7a1cef00016b950be42f5288ead21fa6fccc3107/entry0_type0x08.dylib -> /home/jurre/Documents/coruna-duy-compile/payloads/7a1cef00016b950be42f5288ead21fa6fccc3107/entry0_type0x08.dylib
[HTTP] 200 GET /payloads/7a1cef00016b950be42f5288ead21fa6fccc3107/entry1_type0x09.dylib -> /home/jurre/Documents/coruna-duy-compile/payloads/7a1cef00016b950be42f5288ead21fa6fccc3107/entry1_type0x09.dylib
[HTTP] 200 GET /payloads/7a1cef00016b950be42f5288ead21fa6fccc3107/entry2_type0x0f.dylib -> /home/jurre/Documents/coruna-duy-compile/payloads/7a1cef00016b950be42f5288ead21fa6fccc3107/entry2_type0x0f.dylib
[HTTP] 200 GET /payloads/7a1cef00016b950be42f5288ead21fa6fccc3107/entry4_type0x07.bin -> /home/jurre/Documents/coruna-duy-compile/payloads/7a1cef00016b950be42f5288ead21fa6fccc3107/entry4_type0x07.bin
[HTTP] 200 GET /payloads/7a1cef00016b950be42f5288ead21fa6fccc3107/entry3_type0x07.bin -> /home/jurre/Documents/coruna-duy-compile/payloads/7a1cef00016b950be42f5288ead21fa6fccc3107/entry3_type0x07.bin
[HTTP] 200 GET /4612aa650e60e2974a9ec37bbf922c79635b493a.min.js -> /home/jurre/Documents/coruna-duy-compile/4612aa650e60e2974a9ec37bbf922c79635b493a.min.js
[HTTP] 200 GET / -> /home/jurre/Documents/coruna-duy-compile/group.html
[HTTP] 200 GET /utility_module.js -> /home/jurre/Documents/coruna-duy-compile/utility_module.js
[HTTP] 200 GET /platform_module.js -> /home/jurre/Documents/coruna-duy-compile/platform_module.js
[HTTP] 200 GET / -> /home/jurre/Documents/coruna-duy-compile/group.html
[HTTP] 200 GET /platform_module.js -> /home/jurre/Documents/coruna-duy-compile/platform_module.js
[HTTP] 200 GET /utility_module.js -> /home/jurre/Documents/coruna-duy-compile/utility_module.js
[HTTP] 200 GET / -> /home/jurre/Documents/coruna-duy-compile/group.html
[HTTP] 200 GET /utility_module.js -> /home/jurre/Documents/coruna-duy-compile/utility_module.js
[HTTP] 200 GET /platform_module.js -> /home/jurre/Documents/coruna-duy-compile/platform_module.js
[HTTP] 200 GET / -> /home/jurre/Documents/coruna-duy-compile/group.html
[HTTP] 200 GET /utility_module.js -> /home/jurre/Documents/coruna-duy-compile/utility_module.js
[HTTP] 200 GET /platform_module.js -> /home/jurre/Documents/coruna-duy-compile/platform_module.js
[HTTP] 200 GET / -> /home/jurre/Documents/coruna-duy-compile/group.html
[HTTP] 200 GET /utility_module.js -> /home/jurre/Documents/coruna-duy-compile/utility_module.js
[HTTP] 200 GET /platform_module.js -> /home/jurre/Documents/coruna-duy-compile/platform_module.js
[HTTP] 200 GET / -> /home/jurre/Documents/coruna-duy-compile/group.html
[HTTP] 200 GET /platform_module.js -> /home/jurre/Documents/coruna-duy-compile/platform_module.js
[HTTP] 200 GET /utility_module.js -> /home/jurre/Documents/coruna-duy-compile/utility_module.js
[HTTP] 200 GET / -> /home/jurre/Documents/coruna-duy-compile/group.html
[HTTP] 200 GET /platform_module.js -> /home/jurre/Documents/coruna-duy-compile/platform_module.js
[HTTP] 200 GET /utility_module.js -> /home/jurre/Documents/coruna-duy-compile/utility_module.js
[HTTP] 200 GET / -> /home/jurre/Documents/coruna-duy-compile/group.html
[HTTP] 200 GET /platform_module.js -> /home/jurre/Documents/coruna-duy-compile/platform_module.js
[HTTP] 200 GET /utility_module.js -> /home/jurre/Documents/coruna-duy-compile/utility_module.js
[HTTP] 200 GET / -> /home/jurre/Documents/coruna-duy-compile/group.html
[HTTP] 200 GET /platform_module.js -> /home/jurre/Documents/coruna-duy-compile/platform_module.js
[HTTP] 200 GET /utility_module.js -> /home/jurre/Documents/coruna-duy-compile/utility_module.js
[HTTP] 200 GET / -> /home/jurre/Documents/coruna-duy-compile/group.html
[HTTP] 200 GET /platform_module.js -> /home/jurre/Documents/coruna-duy-compile/platform_module.js
[HTTP] 200 GET /utility_module.js -> /home/jurre/Documents/coruna-duy-compile/utility_module.js
[HTTP] 200 GET /Stage1_15.6_16.1.2_bluebird.js -> /home/jurre/Documents/coruna-duy-compile/Stage1_15.6_16.1.2_bluebird.js
[HTTP] 200 GET /Stage3_VariantB.js -> /home/jurre/Documents/coruna-duy-compile/Stage3_VariantB.js
[HTTP] 200 GET /payloads/bootstrap.dylib -> /home/jurre/Documents/coruna-duy-compile/payloads/bootstrap.dylib
[HTTP] 200 GET /payloads/manifest.json -> /home/jurre/Documents/coruna-duy-compile/payloads/manifest.json
[HTTP] 200 GET /payloads/7a7d99099b035b2c6512b6ebeeea6df1ede70fbb/raw.bin -> /home/jurre/Documents/coruna-duy-compile/payloads/7a7d99099b035b2c6512b6ebeeea6df1ede70fbb/raw.bin
[HTTP] 200 GET /payloads/7a1cef00016b950be42f5288ead21fa6fccc3107/entry0_type0x08.dylib -> /home/jurre/Documents/coruna-duy-compile/payloads/7a1cef00016b950be42f5288ead21fa6fccc3107/entry0_type0x08.dylib
[HTTP] 200 GET /payloads/7a1cef00016b950be42f5288ead21fa6fccc3107/entry1_type0x09.dylib -> /home/jurre/Documents/coruna-duy-compile/payloads/7a1cef00016b950be42f5288ead21fa6fccc3107/entry1_type0x09.dylib
[HTTP] 200 GET /payloads/7a1cef00016b950be42f5288ead21fa6fccc3107/entry3_type0x07.bin -> /home/jurre/Documents/coruna-duy-compile/payloads/7a1cef00016b950be42f5288ead21fa6fccc3107/entry3_type0x07.bin
[HTTP] 200 GET /payloads/7a1cef00016b950be42f5288ead21fa6fccc3107/entry2_type0x0f.dylib -> /home/jurre/Documents/coruna-duy-compile/payloads/7a1cef00016b950be42f5288ead21fa6fccc3107/entry2_type0x0f.dylib
[HTTP] 200 GET /payloads/7a1cef00016b950be42f5288ead21fa6fccc3107/entry4_type0x07.bin -> /home/jurre/Documents/coruna-duy-compile/payloads/7a1cef00016b950be42f5288ead21fa6fccc3107/entry4_type0x07.bin
[HTTP] 200 GET /4817ea8063eb4480e915f1a4479c62ec774f52ce.min.js -> /home/jurre/Documents/coruna-duy-compile/4817ea8063eb4480e915f1a4479c62ec774f52ce.min.js
[HTTP] 200 GET / -> /home/jurre/Documents/coruna-duy-compile/group.html
[HTTP] 200 GET /platform_module.js -> /home/jurre/Documents/coruna-duy-compile/platform_module.js
[HTTP] 200 GET /utility_module.js -> /home/jurre/Documents/coruna-duy-compile/utility_module.js
[HTTP] 200 GET / -> /home/jurre/Documents/coruna-duy-compile/group.html
[HTTP] 200 GET /platform_module.js -> /home/jurre/Documents/coruna-duy-compile/platform_module.js
[HTTP] 200 GET /utility_module.js -> /home/jurre/Documents/coruna-duy-compile/utility_module.js
[HTTP] 200 GET /Stage1_15.6_16.1.2_bluebird.js -> /home/jurre/Documents/coruna-duy-compile/Stage1_15.6_16.1.2_bluebird.js
[HTTP] 200 GET /Stage3_VariantB.js -> /home/jurre/Documents/coruna-duy-compile/Stage3_VariantB.js
[HTTP] 200 GET /payloads/bootstrap.dylib -> /home/jurre/Documents/coruna-duy-compile/payloads/bootstrap.dylib
[HTTP] 200 GET /payloads/manifest.json -> /home/jurre/Documents/coruna-duy-compile/payloads/manifest.json
[HTTP] 200 GET /payloads/7a7d99099b035b2c6512b6ebeeea6df1ede70fbb/raw.bin -> /home/jurre/Documents/coruna-duy-compile/payloads/7a7d99099b035b2c6512b6ebeeea6df1ede70fbb/raw.bin
[HTTP] 200 GET /payloads/7a1cef00016b950be42f5288ead21fa6fccc3107/entry0_type0x08.dylib -> /home/jurre/Documents/coruna-duy-compile/payloads/7a1cef00016b950be42f5288ead21fa6fccc3107/entry0_type0x08.dylib
[HTTP] 200 GET /payloads/7a1cef00016b950be42f5288ead21fa6fccc3107/entry1_type0x09.dylib -> /home/jurre/Documents/coruna-duy-compile/payloads/7a1cef00016b950be42f5288ead21fa6fccc3107/entry1_type0x09.dylib
[HTTP] 200 GET /payloads/7a1cef00016b950be42f5288ead21fa6fccc3107/entry4_type0x07.bin -> /home/jurre/Documents/coruna-duy-compile/payloads/7a1cef00016b950be42f5288ead21fa6fccc3107/entry4_type0x07.bin
[HTTP] 200 GET /payloads/7a1cef00016b950be42f5288ead21fa6fccc3107/entry3_type0x07.bin -> /home/jurre/Documents/coruna-duy-compile/payloads/7a1cef00016b950be42f5288ead21fa6fccc3107/entry3_type0x07.bin
[HTTP] 200 GET /payloads/7a1cef00016b950be42f5288ead21fa6fccc3107/entry2_type0x0f.dylib -> /home/jurre/Documents/coruna-duy-compile/payloads/7a1cef00016b950be42f5288ead21fa6fccc3107/entry2_type0x0f.dylib
[HTTP] 200 GET /4817ea8063eb4480e915f1a4479c62ec774f52ce.min.js -> /home/jurre/Documents/coruna-duy-compile/4817ea8063eb4480e915f1a4479c62ec774f52ce.min.js
[HTTP] 200 GET / -> /home/jurre/Documents/coruna-duy-compile/group.html
[HTTP] 200 GET /platform_module.js -> /home/jurre/Documents/coruna-duy-compile/platform_module.js
[HTTP] 200 GET /utility_module.js -> /home/jurre/Documents/coruna-duy-compile/utility_module.js
[HTTP] 200 GET /Stage1_15.6_16.1.2_bluebird.js -> /home/jurre/Documents/coruna-duy-compile/Stage1_15.6_16.1.2_bluebird.js
[HTTP] 200 GET /Stage3_VariantB.js -> /home/jurre/Documents/coruna-duy-compile/Stage3_VariantB.js
[HTTP] 200 GET /payloads/bootstrap.dylib -> /home/jurre/Documents/coruna-duy-compile/payloads/bootstrap.dylib
[HTTP] 200 GET /payloads/manifest.json -> /home/jurre/Documents/coruna-duy-compile/payloads/manifest.json
[HTTP] 200 GET /payloads/7a7d99099b035b2c6512b6ebeeea6df1ede70fbb/raw.bin -> /home/jurre/Documents/coruna-duy-compile/payloads/7a7d99099b035b2c6512b6ebeeea6df1ede70fbb/raw.bin
[HTTP] 200 GET /payloads/7a1cef00016b950be42f5288ead21fa6fccc3107/entry0_type0x08.dylib -> /home/jurre/Documents/coruna-duy-compile/payloads/7a1cef00016b950be42f5288ead21fa6fccc3107/entry0_type0x08.dylib
[HTTP] 200 GET /payloads/7a1cef00016b950be42f5288ead21fa6fccc3107/entry1_type0x09.dylib -> /home/jurre/Documents/coruna-duy-compile/payloads/7a1cef00016b950be42f5288ead21fa6fccc3107/entry1_type0x09.dylib
[HTTP] 200 GET /payloads/7a1cef00016b950be42f5288ead21fa6fccc3107/entry2_type0x0f.dylib -> /home/jurre/Documents/coruna-duy-compile/payloads/7a1cef00016b950be42f5288ead21fa6fccc3107/entry2_type0x0f.dylib
[HTTP] 200 GET /payloads/7a1cef00016b950be42f5288ead21fa6fccc3107/entry4_type0x07.bin -> /home/jurre/Documents/coruna-duy-compile/payloads/7a1cef00016b950be42f5288ead21fa6fccc3107/entry4_type0x07.bin
[HTTP] 200 GET /payloads/7a1cef00016b950be42f5288ead21fa6fccc3107/entry3_type0x07.bin -> /home/jurre/Documents/coruna-duy-compile/payloads/7a1cef00016b950be42f5288ead21fa6fccc3107/entry3_type0x07.bin
[HTTP] 200 GET /4817ea8063eb4480e915f1a4479c62ec774f52ce.min.js -> /home/jurre/Documents/coruna-duy-compile/4817ea8063eb4480e915f1a4479c62ec774f52ce.min.js
[HTTP] 200 GET / -> /home/jurre/Documents/coruna-duy-compile/group.html
[HTTP] 200 GET /platform_module.js -> /home/jurre/Documents/coruna-duy-compile/platform_module.js
[HTTP] 200 GET /utility_module.js -> /home/jurre/Documents/coruna-duy-compile/utility_module.js
[HTTP] 200 GET / -> /home/jurre/Documents/coruna-duy-compile/group.html
[HTTP] 200 GET /platform_module.js -> /home/jurre/Documents/coruna-duy-compile/platform_module.js
[HTTP] 200 GET /utility_module.js -> /home/jurre/Documents/coruna-duy-compile/utility_module.js
[HTTP] 200 GET / -> /home/jurre/Documents/coruna-duy-compile/group.html
[HTTP] 200 GET /utility_module.js -> /home/jurre/Documents/coruna-duy-compile/utility_module.js
[HTTP] 200 GET /platform_module.js -> /home/jurre/Documents/coruna-duy-compile/platform_module.js
[HTTP] 200 GET / -> /home/jurre/Documents/coruna-duy-compile/group.html
[HTTP] 200 GET /platform_module.js -> /home/jurre/Documents/coruna-duy-compile/platform_module.js
[HTTP] 200 GET /utility_module.js -> /home/jurre/Documents/coruna-duy-compile/utility_module.js
[HTTP] 200 GET / -> /home/jurre/Documents/coruna-duy-compile/group.html
[HTTP] 200 GET /utility_module.js -> /home/jurre/Documents/coruna-duy-compile/utility_module.js
[HTTP] 200 GET /platform_module.js -> /home/jurre/Documents/coruna-duy-compile/platform_module.js
[HTTP] 200 GET / -> /home/jurre/Documents/coruna-duy-compile/group.html
[HTTP] 200 GET /platform_module.js -> /home/jurre/Documents/coruna-duy-compile/platform_module.js
[HTTP] 200 GET /utility_module.js -> /home/jurre/Documents/coruna-duy-compile/utility_module.js
[HTTP] 200 GET / -> /home/jurre/Documents/coruna-duy-compile/group.html
[HTTP] 200 GET /platform_module.js -> /home/jurre/Documents/coruna-duy-compile/platform_module.js
[HTTP] 200 GET /utility_module.js -> /home/jurre/Documents/coruna-duy-compile/utility_module.js
[HTTP] 200 GET / -> /home/jurre/Documents/coruna-duy-compile/group.html
[HTTP] 200 GET /utility_module.js -> /home/jurre/Documents/coruna-duy-compile/utility_module.js
[HTTP] 200 GET /platform_module.js -> /home/jurre/Documents/coruna-duy-compile/platform_module.js
[HTTP] 200 GET / -> /home/jurre/Documents/coruna-duy-compile/group.html
[HTTP] 200 GET /platform_module.js -> /home/jurre/Documents/coruna-duy-compile/platform_module.js
[HTTP] 200 GET /utility_module.js -> /home/jurre/Documents/coruna-duy-compile/utility_module.js
[HTTP] 200 GET / -> /home/jurre/Documents/coruna-duy-compile/group.html
[HTTP] 200 GET /utility_module.js -> /home/jurre/Documents/coruna-duy-compile/utility_module.js
[HTTP] 200 GET /platform_module.js -> /home/jurre/Documents/coruna-duy-compile/platform_module.js
[HTTP] 200 GET / -> /home/jurre/Documents/coruna-duy-compile/group.html
[HTTP] 200 GET / -> /home/jurre/Documents/coruna-duy-compile/group.html
[HTTP] 200 GET /platform_module.js -> /home/jurre/Documents/coruna-duy-compile/platform_module.js
[HTTP] 200 GET /utility_module.js -> /home/jurre/Documents/coruna-duy-compile/utility_module.js
[HTTP] 200 GET /Stage1_15.6_16.1.2_bluebird.js -> /home/jurre/Documents/coruna-duy-compile/Stage1_15.6_16.1.2_bluebird.js
[HTTP] 200 GET /Stage3_VariantB.js -> /home/jurre/Documents/coruna-duy-compile/Stage3_VariantB.js
[HTTP] 200 GET /payloads/bootstrap.dylib -> /home/jurre/Documents/coruna-duy-compile/payloads/bootstrap.dylib
[HTTP] 200 GET /payloads/manifest.json -> /home/jurre/Documents/coruna-duy-compile/payloads/manifest.json
[HTTP] 200 GET /payloads/7a7d99099b035b2c6512b6ebeeea6df1ede70fbb/raw.bin -> /home/jurre/Documents/coruna-duy-compile/payloads/7a7d99099b035b2c6512b6ebeeea6df1ede70fbb/raw.bin
[HTTP] 200 GET /payloads/7a1cef00016b950be42f5288ead21fa6fccc3107/entry0_type0x08.dylib -> /home/jurre/Documents/coruna-duy-compile/payloads/7a1cef00016b950be42f5288ead21fa6fccc3107/entry0_type0x08.dylib
[HTTP] 200 GET /payloads/7a1cef00016b950be42f5288ead21fa6fccc3107/entry1_type0x09.dylib -> /home/jurre/Documents/coruna-duy-compile/payloads/7a1cef00016b950be42f5288ead21fa6fccc3107/entry1_type0x09.dylib
[HTTP] 200 GET /payloads/7a1cef00016b950be42f5288ead21fa6fccc3107/entry3_type0x07.bin -> /home/jurre/Documents/coruna-duy-compile/payloads/7a1cef00016b950be42f5288ead21fa6fccc3107/entry3_type0x07.bin
[HTTP] 200 GET /payloads/7a1cef00016b950be42f5288ead21fa6fccc3107/entry4_type0x07.bin -> /home/jurre/Documents/coruna-duy-compile/payloads/7a1cef00016b950be42f5288ead21fa6fccc3107/entry4_type0x07.bin
[HTTP] 200 GET /payloads/7a1cef00016b950be42f5288ead21fa6fccc3107/entry2_type0x0f.dylib -> /home/jurre/Documents/coruna-duy-compile/payloads/7a1cef00016b950be42f5288ead21fa6fccc3107/entry2_type0x0f.dylib
[HTTP] 200 GET /4817ea8063eb4480e915f1a4479c62ec774f52ce.min.js -> /home/jurre/Documents/coruna-duy-compile/4817ea8063eb4480e915f1a4479c62ec774f52ce.min.js
[HTTP] 200 GET / -> /home/jurre/Documents/coruna-duy-compile/group.html
[HTTP] 200 GET /platform_module.js -> /home/jurre/Documents/coruna-duy-compile/platform_module.js
[HTTP] 200 GET /utility_module.js -> /home/jurre/Documents/coruna-duy-compile/utility_module.js
[HTTP] 200 GET / -> /home/jurre/Documents/coruna-duy-compile/group.html
[HTTP] 200 GET /platform_module.js -> /home/jurre/Documents/coruna-duy-compile/platform_module.js
[HTTP] 200 GET /utility_module.js -> /home/jurre/Documents/coruna-duy-compile/utility_module.js
[HTTP] 200 GET / -> /home/jurre/Documents/coruna-duy-compile/group.html
[HTTP] 200 GET /platform_module.js -> /home/jurre/Documents/coruna-duy-compile/platform_module.js
[HTTP] 200 GET /utility_module.js -> /home/jurre/Documents/coruna-duy-compile/utility_module.js
[HTTP] 200 GET / -> /home/jurre/Documents/coruna-duy-compile/group.html
[HTTP] 200 GET /utility_module.js -> /home/jurre/Documents/coruna-duy-compile/utility_module.js
[HTTP] 200 GET /platform_module.js -> /home/jurre/Documents/coruna-duy-compile/platform_module.js
[HTTP] 200 GET / -> /home/jurre/Documents/coruna-duy-compile/group.html
[HTTP] 200 GET /platform_module.js -> /home/jurre/Documents/coruna-duy-compile/platform_module.js
[HTTP] 200 GET /utility_module.js -> /home/jurre/Documents/coruna-duy-compile/utility_module.js
[HTTP] 200 GET / -> /home/jurre/Documents/coruna-duy-compile/group.html
[HTTP] 200 GET /platform_module.js -> /home/jurre/Documents/coruna-duy-compile/platform_module.js
[HTTP] 200 GET /utility_module.js -> /home/jurre/Documents/coruna-duy-compile/utility_module.js
[HTTP] 200 GET / -> /home/jurre/Documents/coruna-duy-compile/group.html
[HTTP] 200 GET /utility_module.js -> /home/jurre/Documents/coruna-duy-compile/utility_module.js
[HTTP] 200 GET /platform_module.js -> /home/jurre/Documents/coruna-duy-compile/platform_module.js
[HTTP] 200 GET /Stage1_15.6_16.1.2_bluebird.js -> /home/jurre/Documents/coruna-duy-compile/Stage1_15.6_16.1.2_bluebird.js
[HTTP] 200 GET /Stage3_VariantB.js -> /home/jurre/Documents/coruna-duy-compile/Stage3_VariantB.js
[HTTP] 200 GET /payloads/bootstrap.dylib -> /home/jurre/Documents/coruna-duy-compile/payloads/bootstrap.dylib
[HTTP] 200 GET /payloads/manifest.json -> /home/jurre/Documents/coruna-duy-compile/payloads/manifest.json
[HTTP] 200 GET /payloads/7a7d99099b035b2c6512b6ebeeea6df1ede70fbb/raw.bin -> /home/jurre/Documents/coruna-duy-compile/payloads/7a7d99099b035b2c6512b6ebeeea6df1ede70fbb/raw.bin
[HTTP] 200 GET /payloads/7a1cef00016b950be42f5288ead21fa6fccc3107/entry0_type0x08.dylib -> /home/jurre/Documents/coruna-duy-compile/payloads/7a1cef00016b950be42f5288ead21fa6fccc3107/entry0_type0x08.dylib
[HTTP] 200 GET /payloads/7a1cef00016b950be42f5288ead21fa6fccc3107/entry1_type0x09.dylib -> /home/jurre/Documents/coruna-duy-compile/payloads/7a1cef00016b950be42f5288ead21fa6fccc3107/entry1_type0x09.dylib
[HTTP] 200 GET /payloads/7a1cef00016b950be42f5288ead21fa6fccc3107/entry2_type0x0f.dylib -> /home/jurre/Documents/coruna-duy-compile/payloads/7a1cef00016b950be42f5288ead21fa6fccc3107/entry2_type0x0f.dylib
[HTTP] 200 GET /payloads/7a1cef00016b950be42f5288ead21fa6fccc3107/entry3_type0x07.bin -> /home/jurre/Documents/coruna-duy-compile/payloads/7a1cef00016b950be42f5288ead21fa6fccc3107/entry3_type0x07.bin
[HTTP] 200 GET /payloads/7a1cef00016b950be42f5288ead21fa6fccc3107/entry4_type0x07.bin -> /home/jurre/Documents/coruna-duy-compile/payloads/7a1cef00016b950be42f5288ead21fa6fccc3107/entry4_type0x07.bin
[HTTP] 200 GET /4817ea8063eb4480e915f1a4479c62ec774f52ce.min.js -> /home/jurre/Documents/coruna-duy-compile/4817ea8063eb4480e915f1a4479c62ec774f52ce.min.js
[HTTP] 200 GET / -> /home/jurre/Documents/coruna-duy-compile/group.html
[HTTP] 200 GET /platform_module.js -> /home/jurre/Documents/coruna-duy-compile/platform_module.js
[HTTP] 200 GET /utility_module.js -> /home/jurre/Documents/coruna-duy-compile/utility_module.js
[HTTP] 200 GET / -> /home/jurre/Documents/coruna-duy-compile/group.html
[HTTP] 200 GET /platform_module.js -> /home/jurre/Documents/coruna-duy-compile/platform_module.js
[HTTP] 200 GET /utility_module.js -> /home/jurre/Documents/coruna-duy-compile/utility_module.js
[HTTP] 200 GET / -> /home/jurre/Documents/coruna-duy-compile/group.html
[HTTP] 200 GET /utility_module.js -> /home/jurre/Documents/coruna-duy-compile/utility_module.js
[HTTP] 200 GET /platform_module.js -> /home/jurre/Documents/coruna-duy-compile/platform_module.js
[HTTP] 200 GET /Stage1_15.6_16.1.2_bluebird.js -> /home/jurre/Documents/coruna-duy-compile/Stage1_15.6_16.1.2_bluebird.js
[HTTP] 200 GET /Stage3_VariantB.js -> /home/jurre/Documents/coruna-duy-compile/Stage3_VariantB.js
[HTTP] 200 GET /payloads/bootstrap.dylib -> /home/jurre/Documents/coruna-duy-compile/payloads/bootstrap.dylib
[HTTP] 200 GET /payloads/manifest.json -> /home/jurre/Documents/coruna-duy-compile/payloads/manifest.json
[HTTP] 200 GET /payloads/7a7d99099b035b2c6512b6ebeeea6df1ede70fbb/raw.bin -> /home/jurre/Documents/coruna-duy-compile/payloads/7a7d99099b035b2c6512b6ebeeea6df1ede70fbb/raw.bin
[HTTP] 200 GET /payloads/7a1cef00016b950be42f5288ead21fa6fccc3107/entry0_type0x08.dylib -> /home/jurre/Documents/coruna-duy-compile/payloads/7a1cef00016b950be42f5288ead21fa6fccc3107/entry0_type0x08.dylib
[HTTP] 200 GET /payloads/7a1cef00016b950be42f5288ead21fa6fccc3107/entry1_type0x09.dylib -> /home/jurre/Documents/coruna-duy-compile/payloads/7a1cef00016b950be42f5288ead21fa6fccc3107/entry1_type0x09.dylib
[HTTP] 200 GET /payloads/7a1cef00016b950be42f5288ead21fa6fccc3107/entry3_type0x07.bin -> /home/jurre/Documents/coruna-duy-compile/payloads/7a1cef00016b950be42f5288ead21fa6fccc3107/entry3_type0x07.bin
[HTTP] 200 GET /payloads/7a1cef00016b950be42f5288ead21fa6fccc3107/entry4_type0x07.bin -> /home/jurre/Documents/coruna-duy-compile/payloads/7a1cef00016b950be42f5288ead21fa6fccc3107/entry4_type0x07.bin
[HTTP] 200 GET /payloads/7a1cef00016b950be42f5288ead21fa6fccc3107/entry2_type0x0f.dylib -> /home/jurre/Documents/coruna-duy-compile/payloads/7a1cef00016b950be42f5288ead21fa6fccc3107/entry2_type0x0f.dylib
[HTTP] 200 GET /4817ea8063eb4480e915f1a4479c62ec774f52ce.min.js -> /home/jurre/Documents/coruna-duy-compile/4817ea8063eb4480e915f1a4479c62ec774f52ce.min.js
[HTTP] 200 GET / -> /home/jurre/Documents/coruna-duy-compile/group.html
[HTTP] 200 GET /platform_module.js -> /home/jurre/Documents/coruna-duy-compile/platform_module.js
[HTTP] 200 GET /utility_module.js -> /home/jurre/Documents/coruna-duy-compile/utility_module.js
[HTTP] 200 GET / -> /home/jurre/Documents/coruna-duy-compile/group.html
[HTTP] 200 GET /utility_module.js -> /home/jurre/Documents/coruna-duy-compile/utility_module.js
[HTTP] 200 GET /platform_module.js -> /home/jurre/Documents/coruna-duy-compile/platform_module.js
[HTTP] 200 GET /Stage1_15.6_16.1.2_bluebird.js -> /home/jurre/Documents/coruna-duy-compile/Stage1_15.6_16.1.2_bluebird.js
[HTTP] 200 GET /Stage3_VariantB.js -> /home/jurre/Documents/coruna-duy-compile/Stage3_VariantB.js
[HTTP] 200 GET /payloads/bootstrap.dylib -> /home/jurre/Documents/coruna-duy-compile/payloads/bootstrap.dylib
[HTTP] 200 GET /payloads/manifest.json -> /home/jurre/Documents/coruna-duy-compile/payloads/manifest.json
[HTTP] 200 GET /payloads/7a7d99099b035b2c6512b6ebeeea6df1ede70fbb/raw.bin -> /home/jurre/Documents/coruna-duy-compile/payloads/7a7d99099b035b2c6512b6ebeeea6df1ede70fbb/raw.bin
[HTTP] 200 GET /payloads/7a1cef00016b950be42f5288ead21fa6fccc3107/entry0_type0x08.dylib -> /home/jurre/Documents/coruna-duy-compile/payloads/7a1cef00016b950be42f5288ead21fa6fccc3107/entry0_type0x08.dylib
[HTTP] 200 GET /payloads/7a1cef00016b950be42f5288ead21fa6fccc3107/entry1_type0x09.dylib -> /home/jurre/Documents/coruna-duy-compile/payloads/7a1cef00016b950be42f5288ead21fa6fccc3107/entry1_type0x09.dylib
[HTTP] 200 GET /payloads/7a1cef00016b950be42f5288ead21fa6fccc3107/entry2_type0x0f.dylib -> /home/jurre/Documents/coruna-duy-compile/payloads/7a1cef00016b950be42f5288ead21fa6fccc3107/entry2_type0x0f.dylib
[HTTP] 200 GET /payloads/7a1cef00016b950be42f5288ead21fa6fccc3107/entry3_type0x07.bin -> /home/jurre/Documents/coruna-duy-compile/payloads/7a1cef00016b950be42f5288ead21fa6fccc3107/entry3_type0x07.bin
[HTTP] 200 GET /payloads/7a1cef00016b950be42f5288ead21fa6fccc3107/entry4_type0x07.bin -> /home/jurre/Documents/coruna-duy-compile/payloads/7a1cef00016b950be42f5288ead21fa6fccc3107/entry4_type0x07.bin
[HTTP] 200 GET /4817ea8063eb4480e915f1a4479c62ec774f52ce.min.js -> /home/jurre/Documents/coruna-duy-compile/4817ea8063eb4480e915f1a4479c62ec774f52ce.min.js
[HTTP] 200 GET / -> /home/jurre/Documents/coruna-duy-compile/group.html
[HTTP] 200 GET /platform_module.js -> /home/jurre/Documents/coruna-duy-compile/platform_module.js
[HTTP] 200 GET /utility_module.js -> /home/jurre/Documents/coruna-duy-compile/utility_module.js
[HTTP] 200 GET /Stage1_15.6_16.1.2_bluebird.js -> /home/jurre/Documents/coruna-duy-compile/Stage1_15.6_16.1.2_bluebird.js
[HTTP] 200 GET /Stage3_VariantB.js -> /home/jurre/Documents/coruna-duy-compile/Stage3_VariantB.js
[HTTP] 200 GET /payloads/bootstrap.dylib -> /home/jurre/Documents/coruna-duy-compile/payloads/bootstrap.dylib
[HTTP] 200 GET /payloads/manifest.json -> /home/jurre/Documents/coruna-duy-compile/payloads/manifest.json
[HTTP] 200 GET /payloads/7a7d99099b035b2c6512b6ebeeea6df1ede70fbb/raw.bin -> /home/jurre/Documents/coruna-duy-compile/payloads/7a7d99099b035b2c6512b6ebeeea6df1ede70fbb/raw.bin
[HTTP] 200 GET /payloads/7a1cef00016b950be42f5288ead21fa6fccc3107/entry0_type0x08.dylib -> /home/jurre/Documents/coruna-duy-compile/payloads/7a1cef00016b950be42f5288ead21fa6fccc3107/entry0_type0x08.dylib
[HTTP] 200 GET /payloads/7a1cef00016b950be42f5288ead21fa6fccc3107/entry1_type0x09.dylib -> /home/jurre/Documents/coruna-duy-compile/payloads/7a1cef00016b950be42f5288ead21fa6fccc3107/entry1_type0x09.dylib
[HTTP] 200 GET /payloads/7a1cef00016b950be42f5288ead21fa6fccc3107/entry2_type0x0f.dylib -> /home/jurre/Documents/coruna-duy-compile/payloads/7a1cef00016b950be42f5288ead21fa6fccc3107/entry2_type0x0f.dylib
[HTTP] 200 GET /payloads/7a1cef00016b950be42f5288ead21fa6fccc3107/entry4_type0x07.bin -> /home/jurre/Documents/coruna-duy-compile/payloads/7a1cef00016b950be42f5288ead21fa6fccc3107/entry4_type0x07.bin
[HTTP] 200 GET /payloads/7a1cef00016b950be42f5288ead21fa6fccc3107/entry3_type0x07.bin -> /home/jurre/Documents/coruna-duy-compile/payloads/7a1cef00016b950be42f5288ead21fa6fccc3107/entry3_type0x07.bin
[HTTP] 404 GET /%7D -> /home/jurre/Documents/coruna-duy-compile/%7D
[HTTP] 200 GET /4817ea8063eb4480e915f1a4479c62ec774f52ce.min.js -> /home/jurre/Documents/coruna-duy-compile/4817ea8063eb4480e915f1a4479c62ec774f52ce.min.js
[HTTP] 200 GET / -> /home/jurre/Documents/coruna-duy-compile/group.html
[HTTP] 200 GET /platform_module.js -> /home/jurre/Documents/coruna-duy-compile/platform_module.js
[HTTP] 200 GET /utility_module.js -> /home/jurre/Documents/coruna-duy-compile/utility_module.js
[HTTP] 200 GET / -> /home/jurre/Documents/coruna-duy-compile/group.html
[HTTP] 200 GET /platform_module.js -> /home/jurre/Documents/coruna-duy-compile/platform_module.js
[HTTP] 200 GET /utility_module.js -> /home/jurre/Documents/coruna-duy-compile/utility_module.js
[HTTP] 200 GET /Stage1_15.6_16.1.2_bluebird.js -> /home/jurre/Documents/coruna-duy-compile/Stage1_15.6_16.1.2_bluebird.js
[HTTP] 200 GET /Stage3_VariantB.js -> /home/jurre/Documents/coruna-duy-compile/Stage3_VariantB.js
[HTTP] 200 GET /payloads/bootstrap.dylib -> /home/jurre/Documents/coruna-duy-compile/payloads/bootstrap.dylib
[HTTP] 200 GET /payloads/manifest.json -> /home/jurre/Documents/coruna-duy-compile/payloads/manifest.json
[HTTP] 200 GET /payloads/7a7d99099b035b2c6512b6ebeeea6df1ede70fbb/raw.bin -> /home/jurre/Documents/coruna-duy-compile/payloads/7a7d99099b035b2c6512b6ebeeea6df1ede70fbb/raw.bin
[HTTP] 200 GET /payloads/7a1cef00016b950be42f5288ead21fa6fccc3107/entry0_type0x08.dylib -> /home/jurre/Documents/coruna-duy-compile/payloads/7a1cef00016b950be42f5288ead21fa6fccc3107/entry0_type0x08.dylib
[HTTP] 200 GET /payloads/7a1cef00016b950be42f5288ead21fa6fccc3107/entry1_type0x09.dylib -> /home/jurre/Documents/coruna-duy-compile/payloads/7a1cef00016b950be42f5288ead21fa6fccc3107/entry1_type0x09.dylib
[HTTP] 200 GET /payloads/7a1cef00016b950be42f5288ead21fa6fccc3107/entry3_type0x07.bin -> /home/jurre/Documents/coruna-duy-compile/payloads/7a1cef00016b950be42f5288ead21fa6fccc3107/entry3_type0x07.bin
[HTTP] 200 GET /payloads/7a1cef00016b950be42f5288ead21fa6fccc3107/entry4_type0x07.bin -> /home/jurre/Documents/coruna-duy-compile/payloads/7a1cef00016b950be42f5288ead21fa6fccc3107/entry4_type0x07.bin
[HTTP] 200 GET /payloads/7a1cef00016b950be42f5288ead21fa6fccc3107/entry2_type0x0f.dylib -> /home/jurre/Documents/coruna-duy-compile/payloads/7a1cef00016b950be42f5288ead21fa6fccc3107/entry2_type0x0f.dylib
[HTTP] 200 GET /4817ea8063eb4480e915f1a4479c62ec774f52ce.min.js -> /home/jurre/Documents/coruna-duy-compile/4817ea8063eb4480e915f1a4479c62ec774f52ce.min.js
[HTTP] 200 GET / -> /home/jurre/Documents/coruna-duy-compile/group.html
[HTTP] 200 GET /platform_module.js -> /home/jurre/Documents/coruna-duy-compile/platform_module.js
[HTTP] 200 GET /utility_module.js -> /home/jurre/Documents/coruna-duy-compile/utility_module.js
[HTTP] 200 GET / -> /home/jurre/Documents/coruna-duy-compile/group.html
[HTTP] 200 GET /utility_module.js -> /home/jurre/Documents/coruna-duy-compile/utility_module.js
[HTTP] 200 GET /platform_module.js -> /home/jurre/Documents/coruna-duy-compile/platform_module.js
[HTTP] 200 GET /Stage1_15.6_16.1.2_bluebird.js -> /home/jurre/Documents/coruna-duy-compile/Stage1_15.6_16.1.2_bluebird.js
[HTTP] 200 GET /Stage3_VariantB.js -> /home/jurre/Documents/coruna-duy-compile/Stage3_VariantB.js
[HTTP] 200 GET /payloads/bootstrap.dylib -> /home/jurre/Documents/coruna-duy-compile/payloads/bootstrap.dylib
[HTTP] 200 GET /payloads/manifest.json -> /home/jurre/Documents/coruna-duy-compile/payloads/manifest.json
[HTTP] 200 GET /payloads/7a7d99099b035b2c6512b6ebeeea6df1ede70fbb/raw.bin -> /home/jurre/Documents/coruna-duy-compile/payloads/7a7d99099b035b2c6512b6ebeeea6df1ede70fbb/raw.bin
[HTTP] 200 GET /payloads/7a1cef00016b950be42f5288ead21fa6fccc3107/entry0_type0x08.dylib -> /home/jurre/Documents/coruna-duy-compile/payloads/7a1cef00016b950be42f5288ead21fa6fccc3107/entry0_type0x08.dylib
[HTTP] 200 GET /payloads/7a1cef00016b950be42f5288ead21fa6fccc3107/entry1_type0x09.dylib -> /home/jurre/Documents/coruna-duy-compile/payloads/7a1cef00016b950be42f5288ead21fa6fccc3107/entry1_type0x09.dylib
[HTTP] 200 GET /payloads/7a1cef00016b950be42f5288ead21fa6fccc3107/entry3_type0x07.bin -> /home/jurre/Documents/coruna-duy-compile/payloads/7a1cef00016b950be42f5288ead21fa6fccc3107/entry3_type0x07.bin
[HTTP] 200 GET /payloads/7a1cef00016b950be42f5288ead21fa6fccc3107/entry2_type0x0f.dylib -> /home/jurre/Documents/coruna-duy-compile/payloads/7a1cef00016b950be42f5288ead21fa6fccc3107/entry2_type0x0f.dylib
[HTTP] 200 GET /payloads/7a1cef00016b950be42f5288ead21fa6fccc3107/entry4_type0x07.bin -> /home/jurre/Documents/coruna-duy-compile/payloads/7a1cef00016b950be42f5288ead21fa6fccc3107/entry4_type0x07.bin
[HTTP] 200 GET /4817ea8063eb4480e915f1a4479c62ec774f52ce.min.js -> /home/jurre/Documents/coruna-duy-compile/4817ea8063eb4480e915f1a4479c62ec774f52ce.min.js
[HTTP] 200 GET /4817ea8063eb4480e915f1a4479c62ec774f52ce.min.js -> /home/jurre/Documents/coruna-duy-compile/4817ea8063eb4480e915f1a4479c62ec774f52ce.min.js
[HTTP] 200 GET / -> /home/jurre/Documents/coruna-duy-compile/group.html
[HTTP] 200 GET /platform_module.js -> /home/jurre/Documents/coruna-duy-compile/platform_module.js
[HTTP] 200 GET /utility_module.js -> /home/jurre/Documents/coruna-duy-compile/utility_module.js
[HTTP] 200 GET /Stage1_15.6_16.1.2_bluebird.js -> /home/jurre/Documents/coruna-duy-compile/Stage1_15.6_16.1.2_bluebird.js
[HTTP] 200 GET /Stage3_VariantB.js -> /home/jurre/Documents/coruna-duy-compile/Stage3_VariantB.js
[HTTP] 200 GET /payloads/bootstrap.dylib -> /home/jurre/Documents/coruna-duy-compile/payloads/bootstrap.dylib
[HTTP] 200 GET /payloads/manifest.json -> /home/jurre/Documents/coruna-duy-compile/payloads/manifest.json
[HTTP] 200 GET /payloads/7a7d99099b035b2c6512b6ebeeea6df1ede70fbb/raw.bin -> /home/jurre/Documents/coruna-duy-compile/payloads/7a7d99099b035b2c6512b6ebeeea6df1ede70fbb/raw.bin
[HTTP] 200 GET /payloads/7a1cef00016b950be42f5288ead21fa6fccc3107/entry0_type0x08.dylib -> /home/jurre/Documents/coruna-duy-compile/payloads/7a1cef00016b950be42f5288ead21fa6fccc3107/entry0_type0x08.dylib
[HTTP] 200 GET /payloads/7a1cef00016b950be42f5288ead21fa6fccc3107/entry1_type0x09.dylib -> /home/jurre/Documents/coruna-duy-compile/payloads/7a1cef00016b950be42f5288ead21fa6fccc3107/entry1_type0x09.dylib
[HTTP] 200 GET /payloads/7a1cef00016b950be42f5288ead21fa6fccc3107/entry2_type0x0f.dylib -> /home/jurre/Documents/coruna-duy-compile/payloads/7a1cef00016b950be42f5288ead21fa6fccc3107/entry2_type0x0f.dylib
[HTTP] 200 GET /payloads/7a1cef00016b950be42f5288ead21fa6fccc3107/entry4_type0x07.bin -> /home/jurre/Documents/coruna-duy-compile/payloads/7a1cef00016b950be42f5288ead21fa6fccc3107/entry4_type0x07.bin
[HTTP] 200 GET /payloads/7a1cef00016b950be42f5288ead21fa6fccc3107/entry3_type0x07.bin -> /home/jurre/Documents/coruna-duy-compile/payloads/7a1cef00016b950be42f5288ead21fa6fccc3107/entry3_type0x07.bin
[HTTP] 200 GET /4817ea8063eb4480e915f1a4479c62ec774f52ce.min.js -> /home/jurre/Documents/coruna-duy-compile/4817ea8063eb4480e915f1a4479c62ec774f52ce.min.js
[HTTP] 200 GET /4817ea8063eb4480e915f1a4479c62ec774f52ce.min.js -> /home/jurre/Documents/coruna-duy-compile/4817ea8063eb4480e915f1a4479c62ec774f52ce.min.js
[HTTP] 200 GET / -> /home/jurre/Documents/coruna-duy-compile/group.html
[HTTP] 200 GET /utility_module.js -> /home/jurre/Documents/coruna-duy-compile/utility_module.js
[HTTP] 200 GET /platform_module.js -> /home/jurre/Documents/coruna-duy-compile/platform_module.js
[HTTP] 200 GET / -> /home/jurre/Documents/coruna-duy-compile/group.html
[HTTP] 200 GET /utility_module.js -> /home/jurre/Documents/coruna-duy-compile/utility_module.js
[HTTP] 200 GET /platform_module.js -> /home/jurre/Documents/coruna-duy-compile/platform_module.js
[HTTP] 200 GET / -> /home/jurre/Documents/coruna-duy-compile/group.html
[HTTP] 200 GET /platform_module.js -> /home/jurre/Documents/coruna-duy-compile/platform_module.js
[HTTP] 200 GET /utility_module.js -> /home/jurre/Documents/coruna-duy-compile/utility_module.js
[HTTP] 200 GET / -> /home/jurre/Documents/coruna-duy-compile/group.html
[HTTP] 200 GET /platform_module.js -> /home/jurre/Documents/coruna-duy-compile/platform_module.js
[HTTP] 200 GET /utility_module.js -> /home/jurre/Documents/coruna-duy-compile/utility_module.js
[HTTP] 200 GET /Stage1_15.6_16.1.2_bluebird.js -> /home/jurre/Documents/coruna-duy-compile/Stage1_15.6_16.1.2_bluebird.js
[HTTP] 200 GET /Stage3_VariantB.js -> /home/jurre/Documents/coruna-duy-compile/Stage3_VariantB.js
[HTTP] 200 GET /payloads/bootstrap.dylib -> /home/jurre/Documents/coruna-duy-compile/payloads/bootstrap.dylib
[HTTP] 200 GET /payloads/manifest.json -> /home/jurre/Documents/coruna-duy-compile/payloads/manifest.json
[HTTP] 200 GET /payloads/7a7d99099b035b2c6512b6ebeeea6df1ede70fbb/raw.bin -> /home/jurre/Documents/coruna-duy-compile/payloads/7a7d99099b035b2c6512b6ebeeea6df1ede70fbb/raw.bin
[HTTP] 200 GET /payloads/7a1cef00016b950be42f5288ead21fa6fccc3107/entry0_type0x08.dylib -> /home/jurre/Documents/coruna-duy-compile/payloads/7a1cef00016b950be42f5288ead21fa6fccc3107/entry0_type0x08.dylib
[HTTP] 200 GET /payloads/7a1cef00016b950be42f5288ead21fa6fccc3107/entry1_type0x09.dylib -> /home/jurre/Documents/coruna-duy-compile/payloads/7a1cef00016b950be42f5288ead21fa6fccc3107/entry1_type0x09.dylib
[HTTP] 200 GET /payloads/7a1cef00016b950be42f5288ead21fa6fccc3107/entry3_type0x07.bin -> /home/jurre/Documents/coruna-duy-compile/payloads/7a1cef00016b950be42f5288ead21fa6fccc3107/entry3_type0x07.bin
[HTTP] 200 GET /payloads/7a1cef00016b950be42f5288ead21fa6fccc3107/entry2_type0x0f.dylib -> /home/jurre/Documents/coruna-duy-compile/payloads/7a1cef00016b950be42f5288ead21fa6fccc3107/entry2_type0x0f.dylib
[HTTP] 200 GET /payloads/7a1cef00016b950be42f5288ead21fa6fccc3107/entry4_type0x07.bin -> /home/jurre/Documents/coruna-duy-compile/payloads/7a1cef00016b950be42f5288ead21fa6fccc3107/entry4_type0x07.bin
[HTTP] 200 GET /4817ea8063eb4480e915f1a4479c62ec774f52ce.min.js -> /home/jurre/Documents/coruna-duy-compile/4817ea8063eb4480e915f1a4479c62ec774f52ce.min.js
[HTTP] 200 GET /4817ea8063eb4480e915f1a4479c62ec774f52ce.min.js -> /home/jurre/Documents/coruna-duy-compile/4817ea8063eb4480e915f1a4479c62ec774f52ce.min.js
[HTTP] 200 GET / -> /home/jurre/Documents/coruna-duy-compile/group.html
[HTTP] 200 GET /platform_module.js -> /home/jurre/Documents/coruna-duy-compile/platform_module.js
[HTTP] 200 GET /utility_module.js -> /home/jurre/Documents/coruna-duy-compile/utility_module.js
[HTTP] 200 GET /Stage1_15.6_16.1.2_bluebird.js -> /home/jurre/Documents/coruna-duy-compile/Stage1_15.6_16.1.2_bluebird.js
[HTTP] 200 GET /Stage3_VariantB.js -> /home/jurre/Documents/coruna-duy-compile/Stage3_VariantB.js
[HTTP] 200 GET /payloads/bootstrap.dylib -> /home/jurre/Documents/coruna-duy-compile/payloads/bootstrap.dylib
[HTTP] 200 GET /payloads/manifest.json -> /home/jurre/Documents/coruna-duy-compile/payloads/manifest.json
[HTTP] 200 GET /payloads/7a7d99099b035b2c6512b6ebeeea6df1ede70fbb/raw.bin -> /home/jurre/Documents/coruna-duy-compile/payloads/7a7d99099b035b2c6512b6ebeeea6df1ede70fbb/raw.bin
[HTTP] 200 GET /payloads/7a1cef00016b950be42f5288ead21fa6fccc3107/entry0_type0x08.dylib -> /home/jurre/Documents/coruna-duy-compile/payloads/7a1cef00016b950be42f5288ead21fa6fccc3107/entry0_type0x08.dylib
[HTTP] 200 GET /payloads/7a1cef00016b950be42f5288ead21fa6fccc3107/entry1_type0x09.dylib -> /home/jurre/Documents/coruna-duy-compile/payloads/7a1cef00016b950be42f5288ead21fa6fccc3107/entry1_type0x09.dylib
[HTTP] 200 GET /payloads/7a1cef00016b950be42f5288ead21fa6fccc3107/entry4_type0x07.bin -> /home/jurre/Documents/coruna-duy-compile/payloads/7a1cef00016b950be42f5288ead21fa6fccc3107/entry4_type0x07.bin
[HTTP] 200 GET /payloads/7a1cef00016b950be42f5288ead21fa6fccc3107/entry3_type0x07.bin -> /home/jurre/Documents/coruna-duy-compile/payloads/7a1cef00016b950be42f5288ead21fa6fccc3107/entry3_type0x07.bin
[HTTP] 200 GET /payloads/7a1cef00016b950be42f5288ead21fa6fccc3107/entry2_type0x0f.dylib -> /home/jurre/Documents/coruna-duy-compile/payloads/7a1cef00016b950be42f5288ead21fa6fccc3107/entry2_type0x0f.dylib
[HTTP] 200 GET /4817ea8063eb4480e915f1a4479c62ec774f52ce.min.js -> /home/jurre/Documents/coruna-duy-compile/4817ea8063eb4480e915f1a4479c62ec774f52ce.min.js
[HTTP] 200 GET /4817ea8063eb4480e915f1a4479c62ec774f52ce.min.js -> /home/jurre/Documents/coruna-duy-compile/4817ea8063eb4480e915f1a4479c62ec774f52ce.min.js
[HTTP] 200 GET / -> /home/jurre/Documents/coruna-duy-compile/group.html
[HTTP] 200 GET /platform_module.js -> /home/jurre/Documents/coruna-duy-compile/platform_module.js
[HTTP] 200 GET /utility_module.js -> /home/jurre/Documents/coruna-duy-compile/utility_module.js
[HTTP] 200 GET / -> /home/jurre/Documents/coruna-duy-compile/group.html
[HTTP] 200 GET /platform_module.js -> /home/jurre/Documents/coruna-duy-compile/platform_module.js
[HTTP] 200 GET /utility_module.js -> /home/jurre/Documents/coruna-duy-compile/utility_module.js
[HTTP] 200 GET / -> /home/jurre/Documents/coruna-duy-compile/group.html
[HTTP] 200 GET /platform_module.js -> /home/jurre/Documents/coruna-duy-compile/platform_module.js
[HTTP] 200 GET /utility_module.js -> /home/jurre/Documents/coruna-duy-compile/utility_module.js
[HTTP] 200 GET /Stage1_15.6_16.1.2_bluebird.js -> /home/jurre/Documents/coruna-duy-compile/Stage1_15.6_16.1.2_bluebird.js
[HTTP] 200 GET /Stage3_VariantB.js -> /home/jurre/Documents/coruna-duy-compile/Stage3_VariantB.js
[HTTP] 200 GET /payloads/bootstrap.dylib -> /home/jurre/Documents/coruna-duy-compile/payloads/bootstrap.dylib
[HTTP] 200 GET /payloads/manifest.json -> /home/jurre/Documents/coruna-duy-compile/payloads/manifest.json
[HTTP] 200 GET /payloads/7a7d99099b035b2c6512b6ebeeea6df1ede70fbb/raw.bin -> /home/jurre/Documents/coruna-duy-compile/payloads/7a7d99099b035b2c6512b6ebeeea6df1ede70fbb/raw.bin
[HTTP] 200 GET /payloads/7a1cef00016b950be42f5288ead21fa6fccc3107/entry0_type0x08.dylib -> /home/jurre/Documents/coruna-duy-compile/payloads/7a1cef00016b950be42f5288ead21fa6fccc3107/entry0_type0x08.dylib
[HTTP] 200 GET /payloads/7a1cef00016b950be42f5288ead21fa6fccc3107/entry1_type0x09.dylib -> /home/jurre/Documents/coruna-duy-compile/payloads/7a1cef00016b950be42f5288ead21fa6fccc3107/entry1_type0x09.dylib
[HTTP] 200 GET /payloads/7a1cef00016b950be42f5288ead21fa6fccc3107/entry2_type0x0f.dylib -> /home/jurre/Documents/coruna-duy-compile/payloads/7a1cef00016b950be42f5288ead21fa6fccc3107/entry2_type0x0f.dylib
[HTTP] 200 GET /payloads/7a1cef00016b950be42f5288ead21fa6fccc3107/entry3_type0x07.bin -> /home/jurre/Documents/coruna-duy-compile/payloads/7a1cef00016b950be42f5288ead21fa6fccc3107/entry3_type0x07.bin
[HTTP] 200 GET /payloads/7a1cef00016b950be42f5288ead21fa6fccc3107/entry4_type0x07.bin -> /home/jurre/Documents/coruna-duy-compile/payloads/7a1cef00016b950be42f5288ead21fa6fccc3107/entry4_type0x07.bin
[HTTP] 200 GET /4817ea8063eb4480e915f1a4479c62ec774f52ce.min.js -> /home/jurre/Documents/coruna-duy-compile/4817ea8063eb4480e915f1a4479c62ec774f52ce.min.js
[HTTP] 200 GET /4817ea8063eb4480e915f1a4479c62ec774f52ce.min.js -> /home/jurre/Documents/coruna-duy-compile/4817ea8063eb4480e915f1a4479c62ec774f52ce.min.js
[HTTP] 200 GET / -> /home/jurre/Documents/coruna-duy-compile/group.html
[HTTP] 200 GET /platform_module.js -> /home/jurre/Documents/coruna-duy-compile/platform_module.js
[HTTP] 200 GET /utility_module.js -> /home/jurre/Documents/coruna-duy-compile/utility_module.js
[HTTP] 200 GET / -> /home/jurre/Documents/coruna-duy-compile/group.html
[HTTP] 200 GET /platform_module.js -> /home/jurre/Documents/coruna-duy-compile/platform_module.js
[HTTP] 200 GET /utility_module.js -> /home/jurre/Documents/coruna-duy-compile/utility_module.js
[HTTP] 200 GET /Stage1_15.6_16.1.2_bluebird.js -> /home/jurre/Documents/coruna-duy-compile/Stage1_15.6_16.1.2_bluebird.js
[HTTP] 200 GET /Stage3_VariantB.js -> /home/jurre/Documents/coruna-duy-compile/Stage3_VariantB.js
[HTTP] 200 GET /payloads/bootstrap.dylib -> /home/jurre/Documents/coruna-duy-compile/payloads/bootstrap.dylib
[HTTP] 200 GET /payloads/manifest.json -> /home/jurre/Documents/coruna-duy-compile/payloads/manifest.json
[HTTP] 200 GET /payloads/7a7d99099b035b2c6512b6ebeeea6df1ede70fbb/raw.bin -> /home/jurre/Documents/coruna-duy-compile/payloads/7a7d99099b035b2c6512b6ebeeea6df1ede70fbb/raw.bin
[HTTP] 200 GET /payloads/7a1cef00016b950be42f5288ead21fa6fccc3107/entry0_type0x08.dylib -> /home/jurre/Documents/coruna-duy-compile/payloads/7a1cef00016b950be42f5288ead21fa6fccc3107/entry0_type0x08.dylib
[HTTP] 200 GET /payloads/7a1cef00016b950be42f5288ead21fa6fccc3107/entry1_type0x09.dylib -> /home/jurre/Documents/coruna-duy-compile/payloads/7a1cef00016b950be42f5288ead21fa6fccc3107/entry1_type0x09.dylib
[HTTP] 200 GET /payloads/7a1cef00016b950be42f5288ead21fa6fccc3107/entry2_type0x0f.dylib -> /home/jurre/Documents/coruna-duy-compile/payloads/7a1cef00016b950be42f5288ead21fa6fccc3107/entry2_type0x0f.dylib
[HTTP] 200 GET /payloads/7a1cef00016b950be42f5288ead21fa6fccc3107/entry3_type0x07.bin -> /home/jurre/Documents/coruna-duy-compile/payloads/7a1cef00016b950be42f5288ead21fa6fccc3107/entry3_type0x07.bin
[HTTP] 200 GET /payloads/7a1cef00016b950be42f5288ead21fa6fccc3107/entry4_type0x07.bin -> /home/jurre/Documents/coruna-duy-compile/payloads/7a1cef00016b950be42f5288ead21fa6fccc3107/entry4_type0x07.bin
[HTTP] 200 GET /4817ea8063eb4480e915f1a4479c62ec774f52ce.min.js -> /home/jurre/Documents/coruna-duy-compile/4817ea8063eb4480e915f1a4479c62ec774f52ce.min.js
[HTTP] 200 GET /4817ea8063eb4480e915f1a4479c62ec774f52ce.min.js -> /home/jurre/Documents/coruna-duy-compile/4817ea8063eb4480e915f1a4479c62ec774f52ce.min.js
[HTTP] 200 GET / -> /home/jurre/Documents/coruna-duy-compile/group.html
[HTTP] 200 GET /platform_module.js -> /home/jurre/Documents/coruna-duy-compile/platform_module.js
[HTTP] 200 GET /utility_module.js -> /home/jurre/Documents/coruna-duy-compile/utility_module.js
[HTTP] 200 GET / -> /home/jurre/Documents/coruna-duy-compile/group.html
[HTTP] 200 GET /platform_module.js -> /home/jurre/Documents/coruna-duy-compile/platform_module.js
[HTTP] 200 GET /utility_module.js -> /home/jurre/Documents/coruna-duy-compile/utility_module.js
[HTTP] 200 GET /Stage1_15.6_16.1.2_bluebird.js -> /home/jurre/Documents/coruna-duy-compile/Stage1_15.6_16.1.2_bluebird.js
[HTTP] 200 GET /Stage3_VariantB.js -> /home/jurre/Documents/coruna-duy-compile/Stage3_VariantB.js
[HTTP] 200 GET /payloads/bootstrap.dylib -> /home/jurre/Documents/coruna-duy-compile/payloads/bootstrap.dylib
[HTTP] 200 GET /payloads/manifest.json -> /home/jurre/Documents/coruna-duy-compile/payloads/manifest.json
[HTTP] 200 GET /payloads/7a7d99099b035b2c6512b6ebeeea6df1ede70fbb/raw.bin -> /home/jurre/Documents/coruna-duy-compile/payloads/7a7d99099b035b2c6512b6ebeeea6df1ede70fbb/raw.bin
[HTTP] 200 GET /payloads/7a1cef00016b950be42f5288ead21fa6fccc3107/entry0_type0x08.dylib -> /home/jurre/Documents/coruna-duy-compile/payloads/7a1cef00016b950be42f5288ead21fa6fccc3107/entry0_type0x08.dylib
[HTTP] 200 GET /payloads/7a1cef00016b950be42f5288ead21fa6fccc3107/entry1_type0x09.dylib -> /home/jurre/Documents/coruna-duy-compile/payloads/7a1cef00016b950be42f5288ead21fa6fccc3107/entry1_type0x09.dylib
[HTTP] 200 GET /payloads/7a1cef00016b950be42f5288ead21fa6fccc3107/entry2_type0x0f.dylib -> /home/jurre/Documents/coruna-duy-compile/payloads/7a1cef00016b950be42f5288ead21fa6fccc3107/entry2_type0x0f.dylib
[HTTP] 200 GET /payloads/7a1cef00016b950be42f5288ead21fa6fccc3107/entry3_type0x07.bin -> /home/jurre/Documents/coruna-duy-compile/payloads/7a1cef00016b950be42f5288ead21fa6fccc3107/entry3_type0x07.bin
[HTTP] 200 GET /payloads/7a1cef00016b950be42f5288ead21fa6fccc3107/entry4_type0x07.bin -> /home/jurre/Documents/coruna-duy-compile/payloads/7a1cef00016b950be42f5288ead21fa6fccc3107/entry4_type0x07.bin
[HTTP] 200 GET /4817ea8063eb4480e915f1a4479c62ec774f52ce.min.js -> /home/jurre/Documents/coruna-duy-compile/4817ea8063eb4480e915f1a4479c62ec774f52ce.min.js
[HTTP] 200 GET /4817ea8063eb4480e915f1a4479c62ec774f52ce.min.js -> /home/jurre/Documents/coruna-duy-compile/4817ea8063eb4480e915f1a4479c62ec774f52ce.min.js
[HTTP] 200 GET / -> /home/jurre/Documents/coruna-duy-compile/group.html
[HTTP] 200 GET /platform_module.js -> /home/jurre/Documents/coruna-duy-compile/platform_module.js
[HTTP] 200 GET /utility_module.js -> /home/jurre/Documents/coruna-duy-compile/utility_module.js
[HTTP] 200 GET /Stage1_15.6_16.1.2_bluebird.js -> /home/jurre/Documents/coruna-duy-compile/Stage1_15.6_16.1.2_bluebird.js
[HTTP] 200 GET /Stage3_VariantB.js -> /home/jurre/Documents/coruna-duy-compile/Stage3_VariantB.js
[HTTP] 200 GET /payloads/bootstrap.dylib -> /home/jurre/Documents/coruna-duy-compile/payloads/bootstrap.dylib
[HTTP] 200 GET /payloads/manifest.json -> /home/jurre/Documents/coruna-duy-compile/payloads/manifest.json
[HTTP] 200 GET /payloads/7a7d99099b035b2c6512b6ebeeea6df1ede70fbb/raw.bin -> /home/jurre/Documents/coruna-duy-compile/payloads/7a7d99099b035b2c6512b6ebeeea6df1ede70fbb/raw.bin
[HTTP] 200 GET /payloads/7a1cef00016b950be42f5288ead21fa6fccc3107/entry0_type0x08.dylib -> /home/jurre/Documents/coruna-duy-compile/payloads/7a1cef00016b950be42f5288ead21fa6fccc3107/entry0_type0x08.dylib
[HTTP] 200 GET /payloads/7a1cef00016b950be42f5288ead21fa6fccc3107/entry1_type0x09.dylib -> /home/jurre/Documents/coruna-duy-compile/payloads/7a1cef00016b950be42f5288ead21fa6fccc3107/entry1_type0x09.dylib
[HTTP] 200 GET /payloads/7a1cef00016b950be42f5288ead21fa6fccc3107/entry3_type0x07.bin -> /home/jurre/Documents/coruna-duy-compile/payloads/7a1cef00016b950be42f5288ead21fa6fccc3107/entry3_type0x07.bin
[HTTP] 200 GET /payloads/7a1cef00016b950be42f5288ead21fa6fccc3107/entry2_type0x0f.dylib -> /home/jurre/Documents/coruna-duy-compile/payloads/7a1cef00016b950be42f5288ead21fa6fccc3107/entry2_type0x0f.dylib
[HTTP] 200 GET /payloads/7a1cef00016b950be42f5288ead21fa6fccc3107/entry4_type0x07.bin -> /home/jurre/Documents/coruna-duy-compile/payloads/7a1cef00016b950be42f5288ead21fa6fccc3107/entry4_type0x07.bin
[HTTP] 200 GET /4817ea8063eb4480e915f1a4479c62ec774f52ce.min.js -> /home/jurre/Documents/coruna-duy-compile/4817ea8063eb4480e915f1a4479c62ec774f52ce.min.js
[HTTP] 200 GET /4817ea8063eb4480e915f1a4479c62ec774f52ce.min.js -> /home/jurre/Documents/coruna-duy-compile/4817ea8063eb4480e915f1a4479c62ec774f52ce.min.js
[HTTP] 200 GET / -> /home/jurre/Documents/coruna-duy-compile/group.html
[HTTP] 200 GET /platform_module.js -> /home/jurre/Documents/coruna-duy-compile/platform_module.js
[HTTP] 200 GET /utility_module.js -> /home/jurre/Documents/coruna-duy-compile/utility_module.js
[HTTP] 200 GET / -> /home/jurre/Documents/coruna-duy-compile/group.html
[HTTP] 200 GET /platform_module.js -> /home/jurre/Documents/coruna-duy-compile/platform_module.js
[HTTP] 200 GET /utility_module.js -> /home/jurre/Documents/coruna-duy-compile/utility_module.js
[HTTP] 200 GET /Stage1_15.6_16.1.2_bluebird.js -> /home/jurre/Documents/coruna-duy-compile/Stage1_15.6_16.1.2_bluebird.js
[HTTP] 200 GET /Stage3_VariantB.js -> /home/jurre/Documents/coruna-duy-compile/Stage3_VariantB.js
[HTTP] 200 GET /payloads/bootstrap.dylib -> /home/jurre/Documents/coruna-duy-compile/payloads/bootstrap.dylib
[HTTP] 200 GET /payloads/manifest.json -> /home/jurre/Documents/coruna-duy-compile/payloads/manifest.json
[HTTP] 200 GET /payloads/7a7d99099b035b2c6512b6ebeeea6df1ede70fbb/raw.bin -> /home/jurre/Documents/coruna-duy-compile/payloads/7a7d99099b035b2c6512b6ebeeea6df1ede70fbb/raw.bin
[HTTP] 200 GET /payloads/7a1cef00016b950be42f5288ead21fa6fccc3107/entry0_type0x08.dylib -> /home/jurre/Documents/coruna-duy-compile/payloads/7a1cef00016b950be42f5288ead21fa6fccc3107/entry0_type0x08.dylib
[HTTP] 200 GET /payloads/7a1cef00016b950be42f5288ead21fa6fccc3107/entry1_type0x09.dylib -> /home/jurre/Documents/coruna-duy-compile/payloads/7a1cef00016b950be42f5288ead21fa6fccc3107/entry1_type0x09.dylib
[HTTP] 200 GET /payloads/7a1cef00016b950be42f5288ead21fa6fccc3107/entry2_type0x0f.dylib -> /home/jurre/Documents/coruna-duy-compile/payloads/7a1cef00016b950be42f5288ead21fa6fccc3107/entry2_type0x0f.dylib
[HTTP] 200 GET /payloads/7a1cef00016b950be42f5288ead21fa6fccc3107/entry3_type0x07.bin -> /home/jurre/Documents/coruna-duy-compile/payloads/7a1cef00016b950be42f5288ead21fa6fccc3107/entry3_type0x07.bin
[HTTP] 200 GET /payloads/7a1cef00016b950be42f5288ead21fa6fccc3107/entry4_type0x07.bin -> /home/jurre/Documents/coruna-duy-compile/payloads/7a1cef00016b950be42f5288ead21fa6fccc3107/entry4_type0x07.bin
[HTTP] 200 GET /4817ea8063eb4480e915f1a4479c62ec774f52ce.min.js -> /home/jurre/Documents/coruna-duy-compile/4817ea8063eb4480e915f1a4479c62ec774f52ce.min.js
[HTTP] 200 GET /4817ea8063eb4480e915f1a4479c62ec774f52ce.min.js -> /home/jurre/Documents/coruna-duy-compile/4817ea8063eb4480e915f1a4479c62ec774f52ce.min.js
[HTTP] 200 GET / -> /home/jurre/Documents/coruna-duy-compile/group.html
[HTTP] 200 GET /platform_module.js -> /home/jurre/Documents/coruna-duy-compile/platform_module.js
[HTTP] 200 GET /utility_module.js -> /home/jurre/Documents/coruna-duy-compile/utility_module.js
[HTTP] 200 GET / -> /home/jurre/Documents/coruna-duy-compile/group.html
[HTTP] 200 GET /platform_module.js -> /home/jurre/Documents/coruna-duy-compile/platform_module.js
[HTTP] 200 GET /utility_module.js -> /home/jurre/Documents/coruna-duy-compile/utility_module.js
[HTTP] 200 GET /Stage1_15.6_16.1.2_bluebird.js -> /home/jurre/Documents/coruna-duy-compile/Stage1_15.6_16.1.2_bluebird.js
[HTTP] 200 GET /Stage3_VariantB.js -> /home/jurre/Documents/coruna-duy-compile/Stage3_VariantB.js
[HTTP] 200 GET /payloads/bootstrap.dylib -> /home/jurre/Documents/coruna-duy-compile/payloads/bootstrap.dylib
[HTTP] 200 GET /payloads/manifest.json -> /home/jurre/Documents/coruna-duy-compile/payloads/manifest.json
[HTTP] 200 GET /payloads/7a7d99099b035b2c6512b6ebeeea6df1ede70fbb/raw.bin -> /home/jurre/Documents/coruna-duy-compile/payloads/7a7d99099b035b2c6512b6ebeeea6df1ede70fbb/raw.bin
[HTTP] 200 GET /payloads/7a1cef00016b950be42f5288ead21fa6fccc3107/entry0_type0x08.dylib -> /home/jurre/Documents/coruna-duy-compile/payloads/7a1cef00016b950be42f5288ead21fa6fccc3107/entry0_type0x08.dylib
[HTTP] 200 GET /payloads/7a1cef00016b950be42f5288ead21fa6fccc3107/entry1_type0x09.dylib -> /home/jurre/Documents/coruna-duy-compile/payloads/7a1cef00016b950be42f5288ead21fa6fccc3107/entry1_type0x09.dylib
[HTTP] 200 GET /payloads/7a1cef00016b950be42f5288ead21fa6fccc3107/entry3_type0x07.bin -> /home/jurre/Documents/coruna-duy-compile/payloads/7a1cef00016b950be42f5288ead21fa6fccc3107/entry3_type0x07.bin
[HTTP] 200 GET /payloads/7a1cef00016b950be42f5288ead21fa6fccc3107/entry2_type0x0f.dylib -> /home/jurre/Documents/coruna-duy-compile/payloads/7a1cef00016b950be42f5288ead21fa6fccc3107/entry2_type0x0f.dylib
[HTTP] 200 GET /payloads/7a1cef00016b950be42f5288ead21fa6fccc3107/entry4_type0x07.bin -> /home/jurre/Documents/coruna-duy-compile/payloads/7a1cef00016b950be42f5288ead21fa6fccc3107/entry4_type0x07.bin
[HTTP] 200 GET /4817ea8063eb4480e915f1a4479c62ec774f52ce.min.js -> /home/jurre/Documents/coruna-duy-compile/4817ea8063eb4480e915f1a4479c62ec774f52ce.min.js
[HTTP] 200 GET /4817ea8063eb4480e915f1a4479c62ec774f52ce.min.js -> /home/jurre/Documents/coruna-duy-compile/4817ea8063eb4480e915f1a4479c62ec774f52ce.min.js
[HTTP] 200 GET /4817ea8063eb4480e915f1a4479c62ec774f52ce.min.js -> /home/jurre/Documents/coruna-duy-compile/4817ea8063eb4480e915f1a4479c62ec774f52ce.min.js
[HTTP] 200 GET / -> /home/jurre/Documents/coruna-duy-compile/group.html
[HTTP] 200 GET /platform_module.js -> /home/jurre/Documents/coruna-duy-compile/platform_module.js
[HTTP] 200 GET /utility_module.js -> /home/jurre/Documents/coruna-duy-compile/utility_module.js
[HTTP] 200 GET / -> /home/jurre/Documents/coruna-duy-compile/group.html
[HTTP] 200 GET /utility_module.js -> /home/jurre/Documents/coruna-duy-compile/utility_module.js
[HTTP] 200 GET /platform_module.js -> /home/jurre/Documents/coruna-duy-compile/platform_module.js
[HTTP] 200 GET /Stage1_15.6_16.1.2_bluebird.js -> /home/jurre/Documents/coruna-duy-compile/Stage1_15.6_16.1.2_bluebird.js
[HTTP] 200 GET /Stage3_VariantB.js -> /home/jurre/Documents/coruna-duy-compile/Stage3_VariantB.js
[HTTP] 200 GET /payloads/bootstrap.dylib -> /home/jurre/Documents/coruna-duy-compile/payloads/bootstrap.dylib
[HTTP] 200 GET /payloads/manifest.json -> /home/jurre/Documents/coruna-duy-compile/payloads/manifest.json
[HTTP] 200 GET /payloads/7a7d99099b035b2c6512b6ebeeea6df1ede70fbb/raw.bin -> /home/jurre/Documents/coruna-duy-compile/payloads/7a7d99099b035b2c6512b6ebeeea6df1ede70fbb/raw.bin
[HTTP] 200 GET /payloads/7a1cef00016b950be42f5288ead21fa6fccc3107/entry0_type0x08.dylib -> /home/jurre/Documents/coruna-duy-compile/payloads/7a1cef00016b950be42f5288ead21fa6fccc3107/entry0_type0x08.dylib
[HTTP] 200 GET /payloads/7a1cef00016b950be42f5288ead21fa6fccc3107/entry1_type0x09.dylib -> /home/jurre/Documents/coruna-duy-compile/payloads/7a1cef00016b950be42f5288ead21fa6fccc3107/entry1_type0x09.dylib
[HTTP] 200 GET /payloads/7a1cef00016b950be42f5288ead21fa6fccc3107/entry2_type0x0f.dylib -> /home/jurre/Documents/coruna-duy-compile/payloads/7a1cef00016b950be42f5288ead21fa6fccc3107/entry2_type0x0f.dylib
[HTTP] 200 GET /payloads/7a1cef00016b950be42f5288ead21fa6fccc3107/entry3_type0x07.bin -> /home/jurre/Documents/coruna-duy-compile/payloads/7a1cef00016b950be42f5288ead21fa6fccc3107/entry3_type0x07.bin
[HTTP] 200 GET /payloads/7a1cef00016b950be42f5288ead21fa6fccc3107/entry4_type0x07.bin -> /home/jurre/Documents/coruna-duy-compile/payloads/7a1cef00016b950be42f5288ead21fa6fccc3107/entry4_type0x07.bin
[HTTP] 200 GET /4817ea8063eb4480e915f1a4479c62ec774f52ce.min.js -> /home/jurre/Documents/coruna-duy-compile/4817ea8063eb4480e915f1a4479c62ec774f52ce.min.js
[HTTP] 200 GET /4817ea8063eb4480e915f1a4479c62ec774f52ce.min.js -> /home/jurre/Documents/coruna-duy-compile/4817ea8063eb4480e915f1a4479c62ec774f52ce.min.js
[HTTP] 200 GET /4817ea8063eb4480e915f1a4479c62ec774f52ce.min.js -> /home/jurre/Documents/coruna-duy-compile/4817ea8063eb4480e915f1a4479c62ec774f52ce.min.js
[HTTP] 200 GET / -> /home/jurre/Documents/coruna-duy-compile/group.html
[HTTP] 200 GET /platform_module.js -> /home/jurre/Documents/coruna-duy-compile/platform_module.js
[HTTP] 200 GET /utility_module.js -> /home/jurre/Documents/coruna-duy-compile/utility_module.js
[HTTP] 200 GET / -> /home/jurre/Documents/coruna-duy-compile/group.html
[HTTP] 200 GET /utility_module.js -> /home/jurre/Documents/coruna-duy-compile/utility_module.js
[HTTP] 200 GET /platform_module.js -> /home/jurre/Documents/coruna-duy-compile/platform_module.js
[HTTP] 200 GET / -> /home/jurre/Documents/coruna-duy-compile/group.html
[HTTP] 200 GET /utility_module.js -> /home/jurre/Documents/coruna-duy-compile/utility_module.js
[HTTP] 200 GET /platform_module.js -> /home/jurre/Documents/coruna-duy-compile/platform_module.js
[HTTP] 200 GET / -> /home/jurre/Documents/coruna-duy-compile/group.html
[HTTP] 200 GET /utility_module.js -> /home/jurre/Documents/coruna-duy-compile/utility_module.js
[HTTP] 200 GET /platform_module.js -> /home/jurre/Documents/coruna-duy-compile/platform_module.js
[HTTP] 200 GET / -> /home/jurre/Documents/coruna-duy-compile/group.html
[HTTP] 200 GET /utility_module.js -> /home/jurre/Documents/coruna-duy-compile/utility_module.js
[HTTP] 200 GET /platform_module.js -> /home/jurre/Documents/coruna-duy-compile/platform_module.js
[HTTP] 200 GET / -> /home/jurre/Documents/coruna-duy-compile/group.html
[HTTP] 200 GET /platform_module.js -> /home/jurre/Documents/coruna-duy-compile/platform_module.js
[HTTP] 200 GET /utility_module.js -> /home/jurre/Documents/coruna-duy-compile/utility_module.js
[HTTP] 200 GET / -> /home/jurre/Documents/coruna-duy-compile/group.html
[HTTP] 200 GET /platform_module.js -> /home/jurre/Documents/coruna-duy-compile/platform_module.js
[HTTP] 200 GET /utility_module.js -> /home/jurre/Documents/coruna-duy-compile/utility_module.js
[HTTP] 200 GET /Stage1_15.6_16.1.2_bluebird.js -> /home/jurre/Documents/coruna-duy-compile/Stage1_15.6_16.1.2_bluebird.js
[HTTP] 200 GET /Stage3_VariantB.js -> /home/jurre/Documents/coruna-duy-compile/Stage3_VariantB.js
[HTTP] 200 GET /payloads/bootstrap.dylib -> /home/jurre/Documents/coruna-duy-compile/payloads/bootstrap.dylib
[HTTP] 200 GET /payloads/manifest.json -> /home/jurre/Documents/coruna-duy-compile/payloads/manifest.json
[HTTP] 200 GET /payloads/7a7d99099b035b2c6512b6ebeeea6df1ede70fbb/raw.bin -> /home/jurre/Documents/coruna-duy-compile/payloads/7a7d99099b035b2c6512b6ebeeea6df1ede70fbb/raw.bin
[HTTP] 200 GET /payloads/7a1cef00016b950be42f5288ead21fa6fccc3107/entry0_type0x08.dylib -> /home/jurre/Documents/coruna-duy-compile/payloads/7a1cef00016b950be42f5288ead21fa6fccc3107/entry0_type0x08.dylib
[HTTP] 200 GET /payloads/7a1cef00016b950be42f5288ead21fa6fccc3107/entry1_type0x09.dylib -> /home/jurre/Documents/coruna-duy-compile/payloads/7a1cef00016b950be42f5288ead21fa6fccc3107/entry1_type0x09.dylib
[HTTP] 200 GET /payloads/7a1cef00016b950be42f5288ead21fa6fccc3107/entry2_type0x0f.dylib -> /home/jurre/Documents/coruna-duy-compile/payloads/7a1cef00016b950be42f5288ead21fa6fccc3107/entry2_type0x0f.dylib
[HTTP] 200 GET /payloads/7a1cef00016b950be42f5288ead21fa6fccc3107/entry3_type0x07.bin -> /home/jurre/Documents/coruna-duy-compile/payloads/7a1cef00016b950be42f5288ead21fa6fccc3107/entry3_type0x07.bin
[HTTP] 200 GET /payloads/7a1cef00016b950be42f5288ead21fa6fccc3107/entry4_type0x07.bin -> /home/jurre/Documents/coruna-duy-compile/payloads/7a1cef00016b950be42f5288ead21fa6fccc3107/entry4_type0x07.bin
[HTTP] 200 GET /4817ea8063eb4480e915f1a4479c62ec774f52ce.min.js -> /home/jurre/Documents/coruna-duy-compile/4817ea8063eb4480e915f1a4479c62ec774f52ce.min.js
[HTTP] 200 GET /4817ea8063eb4480e915f1a4479c62ec774f52ce.min.js -> /home/jurre/Documents/coruna-duy-compile/4817ea8063eb4480e915f1a4479c62ec774f52ce.min.js
[HTTP] 200 GET / -> /home/jurre/Documents/coruna-duy-compile/group.html
[HTTP] 200 GET /platform_module.js -> /home/jurre/Documents/coruna-duy-compile/platform_module.js
[HTTP] 200 GET /utility_module.js -> /home/jurre/Documents/coruna-duy-compile/utility_module.js
[HTTP] 200 GET / -> /home/jurre/Documents/coruna-duy-compile/group.html
[HTTP] 200 GET /utility_module.js -> /home/jurre/Documents/coruna-duy-compile/utility_module.js
[HTTP] 200 GET /platform_module.js -> /home/jurre/Documents/coruna-duy-compile/platform_module.js
[HTTP] 200 GET /Stage1_15.6_16.1.2_bluebird.js -> /home/jurre/Documents/coruna-duy-compile/Stage1_15.6_16.1.2_bluebird.js
[HTTP] 200 GET /Stage3_VariantB.js -> /home/jurre/Documents/coruna-duy-compile/Stage3_VariantB.js
[HTTP] 200 GET /payloads/bootstrap.dylib -> /home/jurre/Documents/coruna-duy-compile/payloads/bootstrap.dylib
[HTTP] 200 GET /payloads/manifest.json -> /home/jurre/Documents/coruna-duy-compile/payloads/manifest.json
[HTTP] 200 GET /payloads/7a7d99099b035b2c6512b6ebeeea6df1ede70fbb/raw.bin -> /home/jurre/Documents/coruna-duy-compile/payloads/7a7d99099b035b2c6512b6ebeeea6df1ede70fbb/raw.bin
[HTTP] 200 GET /payloads/7a1cef00016b950be42f5288ead21fa6fccc3107/entry0_type0x08.dylib -> /home/jurre/Documents/coruna-duy-compile/payloads/7a1cef00016b950be42f5288ead21fa6fccc3107/entry0_type0x08.dylib
[HTTP] 200 GET /payloads/7a1cef00016b950be42f5288ead21fa6fccc3107/entry1_type0x09.dylib -> /home/jurre/Documents/coruna-duy-compile/payloads/7a1cef00016b950be42f5288ead21fa6fccc3107/entry1_type0x09.dylib
[HTTP] 200 GET /payloads/7a1cef00016b950be42f5288ead21fa6fccc3107/entry2_type0x0f.dylib -> /home/jurre/Documents/coruna-duy-compile/payloads/7a1cef00016b950be42f5288ead21fa6fccc3107/entry2_type0x0f.dylib
[HTTP] 200 GET /payloads/7a1cef00016b950be42f5288ead21fa6fccc3107/entry3_type0x07.bin -> /home/jurre/Documents/coruna-duy-compile/payloads/7a1cef00016b950be42f5288ead21fa6fccc3107/entry3_type0x07.bin
[HTTP] 200 GET /payloads/7a1cef00016b950be42f5288ead21fa6fccc3107/entry4_type0x07.bin -> /home/jurre/Documents/coruna-duy-compile/payloads/7a1cef00016b950be42f5288ead21fa6fccc3107/entry4_type0x07.bin
[HTTP] 200 GET /4817ea8063eb4480e915f1a4479c62ec774f52ce.min.js -> /home/jurre/Documents/coruna-duy-compile/4817ea8063eb4480e915f1a4479c62ec774f52ce.min.js
[HTTP] 200 GET /4817ea8063eb4480e915f1a4479c62ec774f52ce.min.js -> /home/jurre/Documents/coruna-duy-compile/4817ea8063eb4480e915f1a4479c62ec774f52ce.min.js
[HTTP] 200 GET / -> /home/jurre/Documents/coruna-duy-compile/group.html
[HTTP] 200 GET /platform_module.js -> /home/jurre/Documents/coruna-duy-compile/platform_module.js
[HTTP] 200 GET /utility_module.js -> /home/jurre/Documents/coruna-duy-compile/utility_module.js
[HTTP] 200 GET / -> /home/jurre/Documents/coruna-duy-compile/group.html
[HTTP] 200 GET /platform_module.js -> /home/jurre/Documents/coruna-duy-compile/platform_module.js
[HTTP] 200 GET /utility_module.js -> /home/jurre/Documents/coruna-duy-compile/utility_module.js
[HTTP] 200 GET / -> /home/jurre/Documents/coruna-duy-compile/group.html
[HTTP] 200 GET /platform_module.js -> /home/jurre/Documents/coruna-duy-compile/platform_module.js
[HTTP] 200 GET /utility_module.js -> /home/jurre/Documents/coruna-duy-compile/utility_module.js
[HTTP] 200 GET / -> /home/jurre/Documents/coruna-duy-compile/group.html
[HTTP] 200 GET /platform_module.js -> /home/jurre/Documents/coruna-duy-compile/platform_module.js
[HTTP] 200 GET /utility_module.js -> /home/jurre/Documents/coruna-duy-compile/utility_module.js
[HTTP] 200 GET / -> /home/jurre/Documents/coruna-duy-compile/group.html
[HTTP] 200 GET /platform_module.js -> /home/jurre/Documents/coruna-duy-compile/platform_module.js
[HTTP] 200 GET /utility_module.js -> /home/jurre/Documents/coruna-duy-compile/utility_module.js
[HTTP] 200 GET / -> /home/jurre/Documents/coruna-duy-compile/group.html
[HTTP] 200 GET /platform_module.js -> /home/jurre/Documents/coruna-duy-compile/platform_module.js
[HTTP] 200 GET /utility_module.js -> /home/jurre/Documents/coruna-duy-compile/utility_module.js
[HTTP] 200 GET /Stage1_15.6_16.1.2_bluebird.js -> /home/jurre/Documents/coruna-duy-compile/Stage1_15.6_16.1.2_bluebird.js
[HTTP] 200 GET /Stage3_VariantB.js -> /home/jurre/Documents/coruna-duy-compile/Stage3_VariantB.js
[HTTP] 200 GET /payloads/bootstrap.dylib -> /home/jurre/Documents/coruna-duy-compile/payloads/bootstrap.dylib
[HTTP] 200 GET /payloads/manifest.json -> /home/jurre/Documents/coruna-duy-compile/payloads/manifest.json
[HTTP] 200 GET /4817ea8063eb4480e915f1a4479c62ec774f52ce.min.js -> /home/jurre/Documents/coruna-duy-compile/4817ea8063eb4480e915f1a4479c62ec774f52ce.min.js
[HTTP] 200 GET /payloads/7a7d99099b035b2c6512b6ebeeea6df1ede70fbb/raw.bin -> /home/jurre/Documents/coruna-duy-compile/payloads/7a7d99099b035b2c6512b6ebeeea6df1ede70fbb/raw.bin
[HTTP] 200 GET /payloads/7a1cef00016b950be42f5288ead21fa6fccc3107/entry0_type0x08.dylib -> /home/jurre/Documents/coruna-duy-compile/payloads/7a1cef00016b950be42f5288ead21fa6fccc3107/entry0_type0x08.dylib
[HTTP] 200 GET /payloads/7a1cef00016b950be42f5288ead21fa6fccc3107/entry1_type0x09.dylib -> /home/jurre/Documents/coruna-duy-compile/payloads/7a1cef00016b950be42f5288ead21fa6fccc3107/entry1_type0x09.dylib
[HTTP] 200 GET /payloads/7a1cef00016b950be42f5288ead21fa6fccc3107/entry2_type0x0f.dylib -> /home/jurre/Documents/coruna-duy-compile/payloads/7a1cef00016b950be42f5288ead21fa6fccc3107/entry2_type0x0f.dylib
[HTTP] 200 GET /payloads/7a1cef00016b950be42f5288ead21fa6fccc3107/entry3_type0x07.bin -> /home/jurre/Documents/coruna-duy-compile/payloads/7a1cef00016b950be42f5288ead21fa6fccc3107/entry3_type0x07.bin
[HTTP] 200 GET /payloads/7a1cef00016b950be42f5288ead21fa6fccc3107/entry4_type0x07.bin -> /home/jurre/Documents/coruna-duy-compile/payloads/7a1cef00016b950be42f5288ead21fa6fccc3107/entry4_type0x07.bin
[HTTP] 200 GET /4817ea8063eb4480e915f1a4479c62ec774f52ce.min.js -> /home/jurre/Documents/coruna-duy-compile/4817ea8063eb4480e915f1a4479c62ec774f52ce.min.js
[HTTP] 200 GET / -> /home/jurre/Documents/coruna-duy-compile/group.html
[HTTP] 200 GET /platform_module.js -> /home/jurre/Documents/coruna-duy-compile/platform_module.js
[HTTP] 200 GET /utility_module.js -> /home/jurre/Documents/coruna-duy-compile/utility_module.js
[HTTP] 200 GET / -> /home/jurre/Documents/coruna-duy-compile/group.html
[HTTP] 200 GET /platform_module.js -> /home/jurre/Documents/coruna-duy-compile/platform_module.js
[HTTP] 200 GET /utility_module.js -> /home/jurre/Documents/coruna-duy-compile/utility_module.js
[HTTP] 200 GET / -> /home/jurre/Documents/coruna-duy-compile/group.html
[HTTP] 200 GET /platform_module.js -> /home/jurre/Documents/coruna-duy-compile/platform_module.js
[HTTP] 200 GET /utility_module.js -> /home/jurre/Documents/coruna-duy-compile/utility_module.js
[HTTP] 200 GET /Stage1_15.6_16.1.2_bluebird.js -> /home/jurre/Documents/coruna-duy-compile/Stage1_15.6_16.1.2_bluebird.js
[HTTP] 200 GET /Stage3_VariantB.js -> /home/jurre/Documents/coruna-duy-compile/Stage3_VariantB.js
[HTTP] 200 GET /payloads/bootstrap.dylib -> /home/jurre/Documents/coruna-duy-compile/payloads/bootstrap.dylib
[HTTP] 200 GET /payloads/manifest.json -> /home/jurre/Documents/coruna-duy-compile/payloads/manifest.json
[HTTP] 200 GET /payloads/7a7d99099b035b2c6512b6ebeeea6df1ede70fbb/raw.bin -> /home/jurre/Documents/coruna-duy-compile/payloads/7a7d99099b035b2c6512b6ebeeea6df1ede70fbb/raw.bin
[HTTP] 200 GET /payloads/7a1cef00016b950be42f5288ead21fa6fccc3107/entry0_type0x08.dylib -> /home/jurre/Documents/coruna-duy-compile/payloads/7a1cef00016b950be42f5288ead21fa6fccc3107/entry0_type0x08.dylib
[HTTP] 200 GET /payloads/7a1cef00016b950be42f5288ead21fa6fccc3107/entry1_type0x09.dylib -> /home/jurre/Documents/coruna-duy-compile/payloads/7a1cef00016b950be42f5288ead21fa6fccc3107/entry1_type0x09.dylib
[HTTP] 200 GET /payloads/7a1cef00016b950be42f5288ead21fa6fccc3107/entry2_type0x0f.dylib -> /home/jurre/Documents/coruna-duy-compile/payloads/7a1cef00016b950be42f5288ead21fa6fccc3107/entry2_type0x0f.dylib
[HTTP] 200 GET /payloads/7a1cef00016b950be42f5288ead21fa6fccc3107/entry3_type0x07.bin -> /home/jurre/Documents/coruna-duy-compile/payloads/7a1cef00016b950be42f5288ead21fa6fccc3107/entry3_type0x07.bin
[HTTP] 200 GET /payloads/7a1cef00016b950be42f5288ead21fa6fccc3107/entry4_type0x07.bin -> /home/jurre/Documents/coruna-duy-compile/payloads/7a1cef00016b950be42f5288ead21fa6fccc3107/entry4_type0x07.bin
[HTTP] 200 GET /4817ea8063eb4480e915f1a4479c62ec774f52ce.min.js -> /home/jurre/Documents/coruna-duy-compile/4817ea8063eb4480e915f1a4479c62ec774f52ce.min.js
[HTTP] 200 GET /4817ea8063eb4480e915f1a4479c62ec774f52ce.min.js -> /home/jurre/Documents/coruna-duy-compile/4817ea8063eb4480e915f1a4479c62ec774f52ce.min.js
[HTTP] 200 GET / -> /home/jurre/Documents/coruna-duy-compile/group.html
[HTTP] 200 GET /utility_module.js -> /home/jurre/Documents/coruna-duy-compile/utility_module.js
[HTTP] 200 GET /platform_module.js -> /home/jurre/Documents/coruna-duy-compile/platform_module.js
[HTTP] 200 GET /Stage1_15.6_16.1.2_bluebird.js -> /home/jurre/Documents/coruna-duy-compile/Stage1_15.6_16.1.2_bluebird.js
[HTTP] 200 GET /Stage3_VariantB.js -> /home/jurre/Documents/coruna-duy-compile/Stage3_VariantB.js
[HTTP] 200 GET /payloads/bootstrap.dylib -> /home/jurre/Documents/coruna-duy-compile/payloads/bootstrap.dylib
[HTTP] 200 GET /payloads/manifest.json -> /home/jurre/Documents/coruna-duy-compile/payloads/manifest.json
[HTTP] 200 GET /payloads/7a7d99099b035b2c6512b6ebeeea6df1ede70fbb/raw.bin -> /home/jurre/Documents/coruna-duy-compile/payloads/7a7d99099b035b2c6512b6ebeeea6df1ede70fbb/raw.bin
[HTTP] 200 GET /payloads/7a1cef00016b950be42f5288ead21fa6fccc3107/entry0_type0x08.dylib -> /home/jurre/Documents/coruna-duy-compile/payloads/7a1cef00016b950be42f5288ead21fa6fccc3107/entry0_type0x08.dylib
[HTTP] 200 GET /payloads/7a1cef00016b950be42f5288ead21fa6fccc3107/entry1_type0x09.dylib -> /home/jurre/Documents/coruna-duy-compile/payloads/7a1cef00016b950be42f5288ead21fa6fccc3107/entry1_type0x09.dylib
[HTTP] 200 GET /payloads/7a1cef00016b950be42f5288ead21fa6fccc3107/entry4_type0x07.bin -> /home/jurre/Documents/coruna-duy-compile/payloads/7a1cef00016b950be42f5288ead21fa6fccc3107/entry4_type0x07.bin
[HTTP] 200 GET /payloads/7a1cef00016b950be42f5288ead21fa6fccc3107/entry3_type0x07.bin -> /home/jurre/Documents/coruna-duy-compile/payloads/7a1cef00016b950be42f5288ead21fa6fccc3107/entry3_type0x07.bin
[HTTP] 200 GET /payloads/7a1cef00016b950be42f5288ead21fa6fccc3107/entry2_type0x0f.dylib -> /home/jurre/Documents/coruna-duy-compile/payloads/7a1cef00016b950be42f5288ead21fa6fccc3107/entry2_type0x0f.dylib
[HTTP] 200 GET /4817ea8063eb4480e915f1a4479c62ec774f52ce.min.js -> /home/jurre/Documents/coruna-duy-compile/4817ea8063eb4480e915f1a4479c62ec774f52ce.min.js
[HTTP] 200 GET /4817ea8063eb4480e915f1a4479c62ec774f52ce.min.js -> /home/jurre/Documents/coruna-duy-compile/4817ea8063eb4480e915f1a4479c62ec774f52ce.min.js
[HTTP] 200 GET / -> /home/jurre/Documents/coruna-duy-compile/group.html
[HTTP] 200 GET /platform_module.js -> /home/jurre/Documents/coruna-duy-compile/platform_module.js
[HTTP] 200 GET /utility_module.js -> /home/jurre/Documents/coruna-duy-compile/utility_module.js
[HTTP] 200 GET / -> /home/jurre/Documents/coruna-duy-compile/group.html
[HTTP] 200 GET /platform_module.js -> /home/jurre/Documents/coruna-duy-compile/platform_module.js
[HTTP] 200 GET /utility_module.js -> /home/jurre/Documents/coruna-duy-compile/utility_module.js
[HTTP] 200 GET / -> /home/jurre/Documents/coruna-duy-compile/group.html
[HTTP] 200 GET /utility_module.js -> /home/jurre/Documents/coruna-duy-compile/utility_module.js
[HTTP] 200 GET /platform_module.js -> /home/jurre/Documents/coruna-duy-compile/platform_module.js
[HTTP] 200 GET / -> /home/jurre/Documents/coruna-duy-compile/group.html
[HTTP] 200 GET /utility_module.js -> /home/jurre/Documents/coruna-duy-compile/utility_module.js
[HTTP] 200 GET /platform_module.js -> /home/jurre/Documents/coruna-duy-compile/platform_module.js
[HTTP] 200 GET / -> /home/jurre/Documents/coruna-duy-compile/group.html
[HTTP] 200 GET /utility_module.js -> /home/jurre/Documents/coruna-duy-compile/utility_module.js
[HTTP] 200 GET /platform_module.js -> /home/jurre/Documents/coruna-duy-compile/platform_module.js
[HTTP] 200 GET /Stage1_15.6_16.1.2_bluebird.js -> /home/jurre/Documents/coruna-duy-compile/Stage1_15.6_16.1.2_bluebird.js
[HTTP] 200 GET /Stage3_VariantB.js -> /home/jurre/Documents/coruna-duy-compile/Stage3_VariantB.js
[HTTP] 200 GET /payloads/bootstrap.dylib -> /home/jurre/Documents/coruna-duy-compile/payloads/bootstrap.dylib
[HTTP] 200 GET /payloads/manifest.json -> /home/jurre/Documents/coruna-duy-compile/payloads/manifest.json
[HTTP] 200 GET /payloads/7a7d99099b035b2c6512b6ebeeea6df1ede70fbb/raw.bin -> /home/jurre/Documents/coruna-duy-compile/payloads/7a7d99099b035b2c6512b6ebeeea6df1ede70fbb/raw.bin
[HTTP] 200 GET /payloads/7a1cef00016b950be42f5288ead21fa6fccc3107/entry0_type0x08.dylib -> /home/jurre/Documents/coruna-duy-compile/payloads/7a1cef00016b950be42f5288ead21fa6fccc3107/entry0_type0x08.dylib
[HTTP] 200 GET /payloads/7a1cef00016b950be42f5288ead21fa6fccc3107/entry1_type0x09.dylib -> /home/jurre/Documents/coruna-duy-compile/payloads/7a1cef00016b950be42f5288ead21fa6fccc3107/entry1_type0x09.dylib
[HTTP] 200 GET /payloads/7a1cef00016b950be42f5288ead21fa6fccc3107/entry2_type0x0f.dylib -> /home/jurre/Documents/coruna-duy-compile/payloads/7a1cef00016b950be42f5288ead21fa6fccc3107/entry2_type0x0f.dylib
[HTTP] 200 GET /payloads/7a1cef00016b950be42f5288ead21fa6fccc3107/entry3_type0x07.bin -> /home/jurre/Documents/coruna-duy-compile/payloads/7a1cef00016b950be42f5288ead21fa6fccc3107/entry3_type0x07.bin
[HTTP] 200 GET /payloads/7a1cef00016b950be42f5288ead21fa6fccc3107/entry4_type0x07.bin -> /home/jurre/Documents/coruna-duy-compile/payloads/7a1cef00016b950be42f5288ead21fa6fccc3107/entry4_type0x07.bin
[HTTP] 200 GET /4817ea8063eb4480e915f1a4479c62ec774f52ce.min.js -> /home/jurre/Documents/coruna-duy-compile/4817ea8063eb4480e915f1a4479c62ec774f52ce.min.js
[HTTP] 200 GET / -> /home/jurre/Documents/coruna-duy-compile/group.html
[HTTP] 200 GET /platform_module.js -> /home/jurre/Documents/coruna-duy-compile/platform_module.js
[HTTP] 200 GET /utility_module.js -> /home/jurre/Documents/coruna-duy-compile/utility_module.js
[HTTP] 200 GET / -> /home/jurre/Documents/coruna-duy-compile/group.html
[HTTP] 200 GET /utility_module.js -> /home/jurre/Documents/coruna-duy-compile/utility_module.js
[HTTP] 200 GET /platform_module.js -> /home/jurre/Documents/coruna-duy-compile/platform_module.js
[HTTP] 200 GET /Stage1_15.6_16.1.2_bluebird.js -> /home/jurre/Documents/coruna-duy-compile/Stage1_15.6_16.1.2_bluebird.js
[HTTP] 200 GET /Stage3_VariantB.js -> /home/jurre/Documents/coruna-duy-compile/Stage3_VariantB.js
[HTTP] 200 GET /payloads/bootstrap.dylib -> /home/jurre/Documents/coruna-duy-compile/payloads/bootstrap.dylib
[HTTP] 200 GET /payloads/manifest.json -> /home/jurre/Documents/coruna-duy-compile/payloads/manifest.json
[HTTP] 200 GET /payloads/7a7d99099b035b2c6512b6ebeeea6df1ede70fbb/raw.bin -> /home/jurre/Documents/coruna-duy-compile/payloads/7a7d99099b035b2c6512b6ebeeea6df1ede70fbb/raw.bin
[HTTP] 200 GET /payloads/7a1cef00016b950be42f5288ead21fa6fccc3107/entry0_type0x08.dylib -> /home/jurre/Documents/coruna-duy-compile/payloads/7a1cef00016b950be42f5288ead21fa6fccc3107/entry0_type0x08.dylib
[HTTP] 200 GET /payloads/7a1cef00016b950be42f5288ead21fa6fccc3107/entry1_type0x09.dylib -> /home/jurre/Documents/coruna-duy-compile/payloads/7a1cef00016b950be42f5288ead21fa6fccc3107/entry1_type0x09.dylib
[HTTP] 200 GET /payloads/7a1cef00016b950be42f5288ead21fa6fccc3107/entry3_type0x07.bin -> /home/jurre/Documents/coruna-duy-compile/payloads/7a1cef00016b950be42f5288ead21fa6fccc3107/entry3_type0x07.bin
[HTTP] 200 GET /payloads/7a1cef00016b950be42f5288ead21fa6fccc3107/entry2_type0x0f.dylib -> /home/jurre/Documents/coruna-duy-compile/payloads/7a1cef00016b950be42f5288ead21fa6fccc3107/entry2_type0x0f.dylib
[HTTP] 200 GET /payloads/7a1cef00016b950be42f5288ead21fa6fccc3107/entry4_type0x07.bin -> /home/jurre/Documents/coruna-duy-compile/payloads/7a1cef00016b950be42f5288ead21fa6fccc3107/entry4_type0x07.bin
[HTTP] 200 GET /4817ea8063eb4480e915f1a4479c62ec774f52ce.min.js -> /home/jurre/Documents/coruna-duy-compile/4817ea8063eb4480e915f1a4479c62ec774f52ce.min.js
[HTTP] 200 GET /4817ea8063eb4480e915f1a4479c62ec774f52ce.min.js -> /home/jurre/Documents/coruna-duy-compile/4817ea8063eb4480e915f1a4479c62ec774f52ce.min.js
[HTTP] 200 GET / -> /home/jurre/Documents/coruna-duy-compile/group.html
[HTTP] 200 GET /platform_module.js -> /home/jurre/Documents/coruna-duy-compile/platform_module.js
[HTTP] 200 GET /utility_module.js -> /home/jurre/Documents/coruna-duy-compile/utility_module.js
[HTTP] 200 GET / -> /home/jurre/Documents/coruna-duy-compile/group.html
[HTTP] 200 GET /utility_module.js -> /home/jurre/Documents/coruna-duy-compile/utility_module.js
[HTTP] 200 GET /platform_module.js -> /home/jurre/Documents/coruna-duy-compile/platform_module.js
[HTTP] 200 GET / -> /home/jurre/Documents/coruna-duy-compile/group.html
[HTTP] 200 GET /utility_module.js -> /home/jurre/Documents/coruna-duy-compile/utility_module.js
[HTTP] 200 GET /platform_module.js -> /home/jurre/Documents/coruna-duy-compile/platform_module.js
[HTTP] 200 GET /Stage1_15.6_16.1.2_bluebird.js -> /home/jurre/Documents/coruna-duy-compile/Stage1_15.6_16.1.2_bluebird.js
[HTTP] 200 GET /Stage3_VariantB.js -> /home/jurre/Documents/coruna-duy-compile/Stage3_VariantB.js
[HTTP] 200 GET /payloads/bootstrap.dylib -> /home/jurre/Documents/coruna-duy-compile/payloads/bootstrap.dylib
[HTTP] 200 GET /payloads/manifest.json -> /home/jurre/Documents/coruna-duy-compile/payloads/manifest.json
[HTTP] 200 GET /payloads/7a7d99099b035b2c6512b6ebeeea6df1ede70fbb/raw.bin -> /home/jurre/Documents/coruna-duy-compile/payloads/7a7d99099b035b2c6512b6ebeeea6df1ede70fbb/raw.bin
[HTTP] 200 GET /payloads/7a1cef00016b950be42f5288ead21fa6fccc3107/entry0_type0x08.dylib -> /home/jurre/Documents/coruna-duy-compile/payloads/7a1cef00016b950be42f5288ead21fa6fccc3107/entry0_type0x08.dylib
[HTTP] 200 GET /payloads/7a1cef00016b950be42f5288ead21fa6fccc3107/entry1_type0x09.dylib -> /home/jurre/Documents/coruna-duy-compile/payloads/7a1cef00016b950be42f5288ead21fa6fccc3107/entry1_type0x09.dylib
[HTTP] 200 GET /payloads/7a1cef00016b950be42f5288ead21fa6fccc3107/entry2_type0x0f.dylib -> /home/jurre/Documents/coruna-duy-compile/payloads/7a1cef00016b950be42f5288ead21fa6fccc3107/entry2_type0x0f.dylib
[HTTP] 200 GET /payloads/7a1cef00016b950be42f5288ead21fa6fccc3107/entry3_type0x07.bin -> /home/jurre/Documents/coruna-duy-compile/payloads/7a1cef00016b950be42f5288ead21fa6fccc3107/entry3_type0x07.bin
[HTTP] 200 GET /payloads/7a1cef00016b950be42f5288ead21fa6fccc3107/entry4_type0x07.bin -> /home/jurre/Documents/coruna-duy-compile/payloads/7a1cef00016b950be42f5288ead21fa6fccc3107/entry4_type0x07.bin
[HTTP] 200 GET /4817ea8063eb4480e915f1a4479c62ec774f52ce.min.js -> /home/jurre/Documents/coruna-duy-compile/4817ea8063eb4480e915f1a4479c62ec774f52ce.min.js
[HTTP] 200 GET /4817ea8063eb4480e915f1a4479c62ec774f52ce.min.js -> /home/jurre/Documents/coruna-duy-compile/4817ea8063eb4480e915f1a4479c62ec774f52ce.min.js
[HTTP] 200 GET / -> /home/jurre/Documents/coruna-duy-compile/group.html
[HTTP] 200 GET /utility_module.js -> /home/jurre/Documents/coruna-duy-compile/utility_module.js
[HTTP] 200 GET /platform_module.js -> /home/jurre/Documents/coruna-duy-compile/platform_module.js
[HTTP] 200 GET /Stage1_15.6_16.1.2_bluebird.js -> /home/jurre/Documents/coruna-duy-compile/Stage1_15.6_16.1.2_bluebird.js
[HTTP] 200 GET /Stage3_VariantB.js -> /home/jurre/Documents/coruna-duy-compile/Stage3_VariantB.js
[HTTP] 200 GET /payloads/bootstrap.dylib -> /home/jurre/Documents/coruna-duy-compile/payloads/bootstrap.dylib
[HTTP] 200 GET /payloads/manifest.json -> /home/jurre/Documents/coruna-duy-compile/payloads/manifest.json
[HTTP] 200 GET /payloads/7a7d99099b035b2c6512b6ebeeea6df1ede70fbb/raw.bin -> /home/jurre/Documents/coruna-duy-compile/payloads/7a7d99099b035b2c6512b6ebeeea6df1ede70fbb/raw.bin
[HTTP] 200 GET /payloads/7a1cef00016b950be42f5288ead21fa6fccc3107/entry0_type0x08.dylib -> /home/jurre/Documents/coruna-duy-compile/payloads/7a1cef00016b950be42f5288ead21fa6fccc3107/entry0_type0x08.dylib
[HTTP] 200 GET /payloads/7a1cef00016b950be42f5288ead21fa6fccc3107/entry1_type0x09.dylib -> /home/jurre/Documents/coruna-duy-compile/payloads/7a1cef00016b950be42f5288ead21fa6fccc3107/entry1_type0x09.dylib
[HTTP] 200 GET /payloads/7a1cef00016b950be42f5288ead21fa6fccc3107/entry2_type0x0f.dylib -> /home/jurre/Documents/coruna-duy-compile/payloads/7a1cef00016b950be42f5288ead21fa6fccc3107/entry2_type0x0f.dylib
[HTTP] 200 GET /payloads/7a1cef00016b950be42f5288ead21fa6fccc3107/entry3_type0x07.bin -> /home/jurre/Documents/coruna-duy-compile/payloads/7a1cef00016b950be42f5288ead21fa6fccc3107/entry3_type0x07.bin
[HTTP] 200 GET /payloads/7a1cef00016b950be42f5288ead21fa6fccc3107/entry4_type0x07.bin -> /home/jurre/Documents/coruna-duy-compile/payloads/7a1cef00016b950be42f5288ead21fa6fccc3107/entry4_type0x07.bin
[HTTP] 200 GET /4817ea8063eb4480e915f1a4479c62ec774f52ce.min.js -> /home/jurre/Documents/coruna-duy-compile/4817ea8063eb4480e915f1a4479c62ec774f52ce.min.js
[HTTP] 200 GET /4817ea8063eb4480e915f1a4479c62ec774f52ce.min.js -> /home/jurre/Documents/coruna-duy-compile/4817ea8063eb4480e915f1a4479c62ec774f52ce.min.js
[HTTP] 200 GET / -> /home/jurre/Documents/coruna-duy-compile/group.html
[HTTP] 200 GET /platform_module.js -> /home/jurre/Documents/coruna-duy-compile/platform_module.js
[HTTP] 200 GET /utility_module.js -> /home/jurre/Documents/coruna-duy-compile/utility_module.js
[HTTP] 200 GET / -> /home/jurre/Documents/coruna-duy-compile/group.html
[HTTP] 200 GET /platform_module.js -> /home/jurre/Documents/coruna-duy-compile/platform_module.js
[HTTP] 200 GET /utility_module.js -> /home/jurre/Documents/coruna-duy-compile/utility_module.js
[HTTP] 200 GET /Stage1_15.6_16.1.2_bluebird.js -> /home/jurre/Documents/coruna-duy-compile/Stage1_15.6_16.1.2_bluebird.js
[HTTP] 200 GET /Stage3_VariantB.js -> /home/jurre/Documents/coruna-duy-compile/Stage3_VariantB.js
[HTTP] 200 GET /payloads/bootstrap.dylib -> /home/jurre/Documents/coruna-duy-compile/payloads/bootstrap.dylib
[HTTP] 200 GET /payloads/manifest.json -> /home/jurre/Documents/coruna-duy-compile/payloads/manifest.json
[HTTP] 200 GET /payloads/7a7d99099b035b2c6512b6ebeeea6df1ede70fbb/raw.bin -> /home/jurre/Documents/coruna-duy-compile/payloads/7a7d99099b035b2c6512b6ebeeea6df1ede70fbb/raw.bin
[HTTP] 200 GET /payloads/7a1cef00016b950be42f5288ead21fa6fccc3107/entry0_type0x08.dylib -> /home/jurre/Documents/coruna-duy-compile/payloads/7a1cef00016b950be42f5288ead21fa6fccc3107/entry0_type0x08.dylib
[HTTP] 200 GET /payloads/7a1cef00016b950be42f5288ead21fa6fccc3107/entry1_type0x09.dylib -> /home/jurre/Documents/coruna-duy-compile/payloads/7a1cef00016b950be42f5288ead21fa6fccc3107/entry1_type0x09.dylib
[HTTP] 200 GET /payloads/7a1cef00016b950be42f5288ead21fa6fccc3107/entry2_type0x0f.dylib -> /home/jurre/Documents/coruna-duy-compile/payloads/7a1cef00016b950be42f5288ead21fa6fccc3107/entry2_type0x0f.dylib
[HTTP] 200 GET /payloads/7a1cef00016b950be42f5288ead21fa6fccc3107/entry3_type0x07.bin -> /home/jurre/Documents/coruna-duy-compile/payloads/7a1cef00016b950be42f5288ead21fa6fccc3107/entry3_type0x07.bin
[HTTP] 200 GET /payloads/7a1cef00016b950be42f5288ead21fa6fccc3107/entry4_type0x07.bin -> /home/jurre/Documents/coruna-duy-compile/payloads/7a1cef00016b950be42f5288ead21fa6fccc3107/entry4_type0x07.bin
[HTTP] 200 GET /4817ea8063eb4480e915f1a4479c62ec774f52ce.min.js -> /home/jurre/Documents/coruna-duy-compile/4817ea8063eb4480e915f1a4479c62ec774f52ce.min.js
[HTTP] 200 GET /4817ea8063eb4480e915f1a4479c62ec774f52ce.min.js -> /home/jurre/Documents/coruna-duy-compile/4817ea8063eb4480e915f1a4479c62ec774f52ce.min.js
[HTTP] 200 GET / -> /home/jurre/Documents/coruna-duy-compile/group.html
[HTTP] 200 GET /platform_module.js -> /home/jurre/Documents/coruna-duy-compile/platform_module.js
[HTTP] 200 GET /utility_module.js -> /home/jurre/Documents/coruna-duy-compile/utility_module.js
[HTTP] 200 GET / -> /home/jurre/Documents/coruna-duy-compile/group.html
[HTTP] 200 GET /platform_module.js -> /home/jurre/Documents/coruna-duy-compile/platform_module.js
[HTTP] 200 GET /utility_module.js -> /home/jurre/Documents/coruna-duy-compile/utility_module.js
[HTTP] 200 GET /Stage1_15.6_16.1.2_bluebird.js -> /home/jurre/Documents/coruna-duy-compile/Stage1_15.6_16.1.2_bluebird.js
[HTTP] 200 GET /Stage3_VariantB.js -> /home/jurre/Documents/coruna-duy-compile/Stage3_VariantB.js
[HTTP] 200 GET /payloads/bootstrap.dylib -> /home/jurre/Documents/coruna-duy-compile/payloads/bootstrap.dylib
[HTTP] 200 GET /payloads/manifest.json -> /home/jurre/Documents/coruna-duy-compile/payloads/manifest.json
[HTTP] 200 GET /payloads/7a7d99099b035b2c6512b6ebeeea6df1ede70fbb/raw.bin -> /home/jurre/Documents/coruna-duy-compile/payloads/7a7d99099b035b2c6512b6ebeeea6df1ede70fbb/raw.bin
[HTTP] 200 GET /payloads/7a1cef00016b950be42f5288ead21fa6fccc3107/entry0_type0x08.dylib -> /home/jurre/Documents/coruna-duy-compile/payloads/7a1cef00016b950be42f5288ead21fa6fccc3107/entry0_type0x08.dylib
[HTTP] 200 GET /payloads/7a1cef00016b950be42f5288ead21fa6fccc3107/entry1_type0x09.dylib -> /home/jurre/Documents/coruna-duy-compile/payloads/7a1cef00016b950be42f5288ead21fa6fccc3107/entry1_type0x09.dylib
[HTTP] 200 GET /payloads/7a1cef00016b950be42f5288ead21fa6fccc3107/entry3_type0x07.bin -> /home/jurre/Documents/coruna-duy-compile/payloads/7a1cef00016b950be42f5288ead21fa6fccc3107/entry3_type0x07.bin
[HTTP] 200 GET /payloads/7a1cef00016b950be42f5288ead21fa6fccc3107/entry2_type0x0f.dylib -> /home/jurre/Documents/coruna-duy-compile/payloads/7a1cef00016b950be42f5288ead21fa6fccc3107/entry2_type0x0f.dylib
[HTTP] 200 GET /payloads/7a1cef00016b950be42f5288ead21fa6fccc3107/entry4_type0x07.bin -> /home/jurre/Documents/coruna-duy-compile/payloads/7a1cef00016b950be42f5288ead21fa6fccc3107/entry4_type0x07.bin
[HTTP] 200 GET /4817ea8063eb4480e915f1a4479c62ec774f52ce.min.js -> /home/jurre/Documents/coruna-duy-compile/4817ea8063eb4480e915f1a4479c62ec774f52ce.min.js
[HTTP] 200 GET /4817ea8063eb4480e915f1a4479c62ec774f52ce.min.js -> /home/jurre/Documents/coruna-duy-compile/4817ea8063eb4480e915f1a4479c62ec774f52ce.min.js
[HTTP] 200 GET / -> /home/jurre/Documents/coruna-duy-compile/group.html
[HTTP] 200 GET /utility_module.js -> /home/jurre/Documents/coruna-duy-compile/utility_module.js
[HTTP] 200 GET /platform_module.js -> /home/jurre/Documents/coruna-duy-compile/platform_module.js
[HTTP] 200 GET / -> /home/jurre/Documents/coruna-duy-compile/group.html
[HTTP] 200 GET /platform_module.js -> /home/jurre/Documents/coruna-duy-compile/platform_module.js
[HTTP] 200 GET /utility_module.js -> /home/jurre/Documents/coruna-duy-compile/utility_module.js
[HTTP] 200 GET /Stage1_15.6_16.1.2_bluebird.js -> /home/jurre/Documents/coruna-duy-compile/Stage1_15.6_16.1.2_bluebird.js
[HTTP] 200 GET / -> /home/jurre/Documents/coruna-duy-compile/group.html
[HTTP] 200 GET /platform_module.js -> /home/jurre/Documents/coruna-duy-compile/platform_module.js
[HTTP] 200 GET /utility_module.js -> /home/jurre/Documents/coruna-duy-compile/utility_module.js
[HTTP] 200 GET /Stage1_15.6_16.1.2_bluebird.js -> /home/jurre/Documents/coruna-duy-compile/Stage1_15.6_16.1.2_bluebird.js
[HTTP] 200 GET /Stage3_VariantB.js -> /home/jurre/Documents/coruna-duy-compile/Stage3_VariantB.js
[HTTP] 200 GET /payloads/bootstrap.dylib -> /home/jurre/Documents/coruna-duy-compile/payloads/bootstrap.dylib
[HTTP] 200 GET /payloads/manifest.json -> /home/jurre/Documents/coruna-duy-compile/payloads/manifest.json
[HTTP] 200 GET /payloads/7a7d99099b035b2c6512b6ebeeea6df1ede70fbb/raw.bin -> /home/jurre/Documents/coruna-duy-compile/payloads/7a7d99099b035b2c6512b6ebeeea6df1ede70fbb/raw.bin
[HTTP] 200 GET /payloads/7a1cef00016b950be42f5288ead21fa6fccc3107/entry0_type0x08.dylib -> /home/jurre/Documents/coruna-duy-compile/payloads/7a1cef00016b950be42f5288ead21fa6fccc3107/entry0_type0x08.dylib
[HTTP] 200 GET /payloads/7a1cef00016b950be42f5288ead21fa6fccc3107/entry1_type0x09.dylib -> /home/jurre/Documents/coruna-duy-compile/payloads/7a1cef00016b950be42f5288ead21fa6fccc3107/entry1_type0x09.dylib
[HTTP] 200 GET /payloads/7a1cef00016b950be42f5288ead21fa6fccc3107/entry2_type0x0f.dylib -> /home/jurre/Documents/coruna-duy-compile/payloads/7a1cef00016b950be42f5288ead21fa6fccc3107/entry2_type0x0f.dylib
[HTTP] 200 GET /payloads/7a1cef00016b950be42f5288ead21fa6fccc3107/entry3_type0x07.bin -> /home/jurre/Documents/coruna-duy-compile/payloads/7a1cef00016b950be42f5288ead21fa6fccc3107/entry3_type0x07.bin
[HTTP] 200 GET /payloads/7a1cef00016b950be42f5288ead21fa6fccc3107/entry4_type0x07.bin -> /home/jurre/Documents/coruna-duy-compile/payloads/7a1cef00016b950be42f5288ead21fa6fccc3107/entry4_type0x07.bin
[HTTP] 200 GET /4817ea8063eb4480e915f1a4479c62ec774f52ce.min.js -> /home/jurre/Documents/coruna-duy-compile/4817ea8063eb4480e915f1a4479c62ec774f52ce.min.js
[HTTP] 200 GET /4817ea8063eb4480e915f1a4479c62ec774f52ce.min.js -> /home/jurre/Documents/coruna-duy-compile/4817ea8063eb4480e915f1a4479c62ec774f52ce.min.js
[HTTP] 200 GET / -> /home/jurre/Documents/coruna-duy-compile/group.html
[HTTP] 200 GET /platform_module.js -> /home/jurre/Documents/coruna-duy-compile/platform_module.js
[HTTP] 200 GET /utility_module.js -> /home/jurre/Documents/coruna-duy-compile/utility_module.js
[HTTP] 200 GET / -> /home/jurre/Documents/coruna-duy-compile/group.html
[HTTP] 200 GET /platform_module.js -> /home/jurre/Documents/coruna-duy-compile/platform_module.js
[HTTP] 200 GET /utility_module.js -> /home/jurre/Documents/coruna-duy-compile/utility_module.js
[HTTP] 200 GET /Stage1_15.6_16.1.2_bluebird.js -> /home/jurre/Documents/coruna-duy-compile/Stage1_15.6_16.1.2_bluebird.js
[HTTP] 200 GET /Stage3_VariantB.js -> /home/jurre/Documents/coruna-duy-compile/Stage3_VariantB.js
[HTTP] 200 GET /payloads/bootstrap.dylib -> /home/jurre/Documents/coruna-duy-compile/payloads/bootstrap.dylib
[HTTP] 200 GET /payloads/manifest.json -> /home/jurre/Documents/coruna-duy-compile/payloads/manifest.json
[HTTP] 200 GET /payloads/7a7d99099b035b2c6512b6ebeeea6df1ede70fbb/raw.bin -> /home/jurre/Documents/coruna-duy-compile/payloads/7a7d99099b035b2c6512b6ebeeea6df1ede70fbb/raw.bin
[HTTP] 200 GET /payloads/7a1cef00016b950be42f5288ead21fa6fccc3107/entry0_type0x08.dylib -> /home/jurre/Documents/coruna-duy-compile/payloads/7a1cef00016b950be42f5288ead21fa6fccc3107/entry0_type0x08.dylib
[HTTP] 200 GET /payloads/7a1cef00016b950be42f5288ead21fa6fccc3107/entry1_type0x09.dylib -> /home/jurre/Documents/coruna-duy-compile/payloads/7a1cef00016b950be42f5288ead21fa6fccc3107/entry1_type0x09.dylib
[HTTP] 200 GET /payloads/7a1cef00016b950be42f5288ead21fa6fccc3107/entry2_type0x0f.dylib -> /home/jurre/Documents/coruna-duy-compile/payloads/7a1cef00016b950be42f5288ead21fa6fccc3107/entry2_type0x0f.dylib
[HTTP] 200 GET /payloads/7a1cef00016b950be42f5288ead21fa6fccc3107/entry3_type0x07.bin -> /home/jurre/Documents/coruna-duy-compile/payloads/7a1cef00016b950be42f5288ead21fa6fccc3107/entry3_type0x07.bin
[HTTP] 200 GET /payloads/7a1cef00016b950be42f5288ead21fa6fccc3107/entry4_type0x07.bin -> /home/jurre/Documents/coruna-duy-compile/payloads/7a1cef00016b950be42f5288ead21fa6fccc3107/entry4_type0x07.bin
[HTTP] 200 GET /4817ea8063eb4480e915f1a4479c62ec774f52ce.min.js -> /home/jurre/Documents/coruna-duy-compile/4817ea8063eb4480e915f1a4479c62ec774f52ce.min.js
[HTTP] 200 GET /4817ea8063eb4480e915f1a4479c62ec774f52ce.min.js -> /home/jurre/Documents/coruna-duy-compile/4817ea8063eb4480e915f1a4479c62ec774f52ce.min.js
[HTTP] 200 GET / -> /home/jurre/Documents/coruna-duy-compile/group.html
[HTTP] 200 GET /platform_module.js -> /home/jurre/Documents/coruna-duy-compile/platform_module.js
[HTTP] 200 GET /utility_module.js -> /home/jurre/Documents/coruna-duy-compile/utility_module.js
[HTTP] 200 GET / -> /home/jurre/Documents/coruna-duy-compile/group.html
[HTTP] 200 GET /platform_module.js -> /home/jurre/Documents/coruna-duy-compile/platform_module.js
[HTTP] 200 GET /utility_module.js -> /home/jurre/Documents/coruna-duy-compile/utility_module.js
[HTTP] 200 GET /Stage1_15.6_16.1.2_bluebird.js -> /home/jurre/Documents/coruna-duy-compile/Stage1_15.6_16.1.2_bluebird.js
[HTTP] 200 GET /Stage3_VariantB.js -> /home/jurre/Documents/coruna-duy-compile/Stage3_VariantB.js
[HTTP] 200 GET /payloads/bootstrap.dylib -> /home/jurre/Documents/coruna-duy-compile/payloads/bootstrap.dylib
[HTTP] 200 GET /payloads/manifest.json -> /home/jurre/Documents/coruna-duy-compile/payloads/manifest.json
[HTTP] 200 GET /payloads/7a7d99099b035b2c6512b6ebeeea6df1ede70fbb/raw.bin -> /home/jurre/Documents/coruna-duy-compile/payloads/7a7d99099b035b2c6512b6ebeeea6df1ede70fbb/raw.bin
[HTTP] 200 GET /payloads/7a1cef00016b950be42f5288ead21fa6fccc3107/entry0_type0x08.dylib -> /home/jurre/Documents/coruna-duy-compile/payloads/7a1cef00016b950be42f5288ead21fa6fccc3107/entry0_type0x08.dylib
[HTTP] 200 GET /payloads/7a1cef00016b950be42f5288ead21fa6fccc3107/entry1_type0x09.dylib -> /home/jurre/Documents/coruna-duy-compile/payloads/7a1cef00016b950be42f5288ead21fa6fccc3107/entry1_type0x09.dylib
[HTTP] 200 GET /payloads/7a1cef00016b950be42f5288ead21fa6fccc3107/entry3_type0x07.bin -> /home/jurre/Documents/coruna-duy-compile/payloads/7a1cef00016b950be42f5288ead21fa6fccc3107/entry3_type0x07.bin
[HTTP] 200 GET /payloads/7a1cef00016b950be42f5288ead21fa6fccc3107/entry2_type0x0f.dylib -> /home/jurre/Documents/coruna-duy-compile/payloads/7a1cef00016b950be42f5288ead21fa6fccc3107/entry2_type0x0f.dylib
[HTTP] 200 GET /payloads/7a1cef00016b950be42f5288ead21fa6fccc3107/entry4_type0x07.bin -> /home/jurre/Documents/coruna-duy-compile/payloads/7a1cef00016b950be42f5288ead21fa6fccc3107/entry4_type0x07.bin
[HTTP] 200 GET /4817ea8063eb4480e915f1a4479c62ec774f52ce.min.js -> /home/jurre/Documents/coruna-duy-compile/4817ea8063eb4480e915f1a4479c62ec774f52ce.min.js
[HTTP] 200 GET /4817ea8063eb4480e915f1a4479c62ec774f52ce.min.js -> /home/jurre/Documents/coruna-duy-compile/4817ea8063eb4480e915f1a4479c62ec774f52ce.min.js
[HTTP] 200 GET / -> /home/jurre/Documents/coruna-duy-compile/group.html
[HTTP] 200 GET /platform_module.js -> /home/jurre/Documents/coruna-duy-compile/platform_module.js
[HTTP] 200 GET /utility_module.js -> /home/jurre/Documents/coruna-duy-compile/utility_module.js
[HTTP] 200 GET / -> /home/jurre/Documents/coruna-duy-compile/group.html
[HTTP] 200 GET /platform_module.js -> /home/jurre/Documents/coruna-duy-compile/platform_module.js
[HTTP] 200 GET /utility_module.js -> /home/jurre/Documents/coruna-duy-compile/utility_module.js
[HTTP] 200 GET /Stage1_15.6_16.1.2_bluebird.js -> /home/jurre/Documents/coruna-duy-compile/Stage1_15.6_16.1.2_bluebird.js
[HTTP] 200 GET /Stage3_VariantB.js -> /home/jurre/Documents/coruna-duy-compile/Stage3_VariantB.js
[HTTP] 200 GET /payloads/bootstrap.dylib -> /home/jurre/Documents/coruna-duy-compile/payloads/bootstrap.dylib
[HTTP] 200 GET /payloads/manifest.json -> /home/jurre/Documents/coruna-duy-compile/payloads/manifest.json
[HTTP] 200 GET /payloads/7a7d99099b035b2c6512b6ebeeea6df1ede70fbb/raw.bin -> /home/jurre/Documents/coruna-duy-compile/payloads/7a7d99099b035b2c6512b6ebeeea6df1ede70fbb/raw.bin
[HTTP] 200 GET /payloads/7a1cef00016b950be42f5288ead21fa6fccc3107/entry0_type0x08.dylib -> /home/jurre/Documents/coruna-duy-compile/payloads/7a1cef00016b950be42f5288ead21fa6fccc3107/entry0_type0x08.dylib
[HTTP] 200 GET /payloads/7a1cef00016b950be42f5288ead21fa6fccc3107/entry1_type0x09.dylib -> /home/jurre/Documents/coruna-duy-compile/payloads/7a1cef00016b950be42f5288ead21fa6fccc3107/entry1_type0x09.dylib
[HTTP] 200 GET /payloads/7a1cef00016b950be42f5288ead21fa6fccc3107/entry3_type0x07.bin -> /home/jurre/Documents/coruna-duy-compile/payloads/7a1cef00016b950be42f5288ead21fa6fccc3107/entry3_type0x07.bin
[HTTP] 200 GET /payloads/7a1cef00016b950be42f5288ead21fa6fccc3107/entry2_type0x0f.dylib -> /home/jurre/Documents/coruna-duy-compile/payloads/7a1cef00016b950be42f5288ead21fa6fccc3107/entry2_type0x0f.dylib
[HTTP] 200 GET /payloads/7a1cef00016b950be42f5288ead21fa6fccc3107/entry4_type0x07.bin -> /home/jurre/Documents/coruna-duy-compile/payloads/7a1cef00016b950be42f5288ead21fa6fccc3107/entry4_type0x07.bin
[HTTP] 200 GET /4817ea8063eb4480e915f1a4479c62ec774f52ce.min.js -> /home/jurre/Documents/coruna-duy-compile/4817ea8063eb4480e915f1a4479c62ec774f52ce.min.js
[HTTP] 200 GET / -> /home/jurre/Documents/coruna-duy-compile/group.html
[HTTP] 200 GET /platform_module.js -> /home/jurre/Documents/coruna-duy-compile/platform_module.js
[HTTP] 200 GET /utility_module.js -> /home/jurre/Documents/coruna-duy-compile/utility_module.js
[HTTP] 200 GET /Stage1_15.6_16.1.2_bluebird.js -> /home/jurre/Documents/coruna-duy-compile/Stage1_15.6_16.1.2_bluebird.js
[HTTP] 200 GET /Stage3_VariantB.js -> /home/jurre/Documents/coruna-duy-compile/Stage3_VariantB.js
[HTTP] 200 GET /payloads/bootstrap.dylib -> /home/jurre/Documents/coruna-duy-compile/payloads/bootstrap.dylib
[HTTP] 200 GET /payloads/manifest.json -> /home/jurre/Documents/coruna-duy-compile/payloads/manifest.json
[HTTP] 200 GET /payloads/7a7d99099b035b2c6512b6ebeeea6df1ede70fbb/raw.bin -> /home/jurre/Documents/coruna-duy-compile/payloads/7a7d99099b035b2c6512b6ebeeea6df1ede70fbb/raw.bin
[HTTP] 200 GET /payloads/7a1cef00016b950be42f5288ead21fa6fccc3107/entry0_type0x08.dylib -> /home/jurre/Documents/coruna-duy-compile/payloads/7a1cef00016b950be42f5288ead21fa6fccc3107/entry0_type0x08.dylib
[HTTP] 200 GET /payloads/7a1cef00016b950be42f5288ead21fa6fccc3107/entry1_type0x09.dylib -> /home/jurre/Documents/coruna-duy-compile/payloads/7a1cef00016b950be42f5288ead21fa6fccc3107/entry1_type0x09.dylib
[HTTP] 200 GET /payloads/7a1cef00016b950be42f5288ead21fa6fccc3107/entry3_type0x07.bin -> /home/jurre/Documents/coruna-duy-compile/payloads/7a1cef00016b950be42f5288ead21fa6fccc3107/entry3_type0x07.bin
[HTTP] 200 GET /payloads/7a1cef00016b950be42f5288ead21fa6fccc3107/entry4_type0x07.bin -> /home/jurre/Documents/coruna-duy-compile/payloads/7a1cef00016b950be42f5288ead21fa6fccc3107/entry4_type0x07.bin
[HTTP] 200 GET /payloads/7a1cef00016b950be42f5288ead21fa6fccc3107/entry2_type0x0f.dylib -> /home/jurre/Documents/coruna-duy-compile/payloads/7a1cef00016b950be42f5288ead21fa6fccc3107/entry2_type0x0f.dylib
[HTTP] 200 GET /4817ea8063eb4480e915f1a4479c62ec774f52ce.min.js -> /home/jurre/Documents/coruna-duy-compile/4817ea8063eb4480e915f1a4479c62ec774f52ce.min.js
